-- phpMyAdmin SQL Dump
-- version 4.8.3
-- https://www.phpmyadmin.net/
--
-- Хост: 127.0.0.1:3306
-- Время создания: Май 20 2023 г., 22:09
-- Версия сервера: 5.6.41
-- Версия PHP: 5.5.38

SET SQL_MODE = "NO_AUTO_VALUE_ON_ZERO";
SET AUTOCOMMIT = 0;
START TRANSACTION;
SET time_zone = "+00:00";


/*!40101 SET @OLD_CHARACTER_SET_CLIENT=@@CHARACTER_SET_CLIENT */;
/*!40101 SET @OLD_CHARACTER_SET_RESULTS=@@CHARACTER_SET_RESULTS */;
/*!40101 SET @OLD_COLLATION_CONNECTION=@@COLLATION_CONNECTION */;
/*!40101 SET NAMES utf8mb4 */;

--
-- База данных: `pet`
--

-- --------------------------------------------------------

--
-- Структура таблицы `ava`
--

CREATE TABLE `ava` (
  `id` int(11) NOT NULL,
  `g` int(11) NOT NULL,
  `link` int(11) NOT NULL,
  `god` varchar(4) NOT NULL,
  `coop` varchar(255) NOT NULL,
  `he` varchar(255) NOT NULL,
  `role` int(11) NOT NULL,
  `svet` int(11) NOT NULL,
  `bj` int(11) NOT NULL
) ENGINE=InnoDB DEFAULT CHARSET=utf8;

--
-- Дамп данных таблицы `ava`
--

INSERT INTO `ava` (`id`, `g`, `link`, `god`, `coop`, `he`, `role`, `svet`, `bj`) VALUES
(1, 2, 1, '1903', 'Drako', 'Дракон', 1, 1, 0),
(2, 5, 1, '1890', '', 'Крыс', 2, 2, 0),
(3, 8, 1, '1883', '', 'Овца', 2, 3, 0),
(4, 1, 1, '1883', 'Draco', 'Бык', 3, 4, 0),
(5, 7, 1, '1883', '', 'Обезьяна', 3, 5, 0),
(6, 6, 2, '1884', '', 'Horse', 1, 1, 0),
(7, 12, 2, '1908', '', 'tiger', 2, 2, 0),
(8, 9, 2, '1899', '', 'cock', 2, 3, 0),
(9, 3, 2, '1883', '', 'haer', 3, 4, 0),
(10, 11, 2, '1884', '', 'dog', 3, 5, 0),
(11, 2, 3, '1897', '', 'Dragon', 4, 1, 0),
(12, 6, 3, '1883', '', 'Horse', 4, 2, 0),
(13, 4, 3, '1883', '', 'Snake', 6, 3, 0),
(14, 10, 3, '1905', '', 'Pig', 6, 4, 0),
(15, 5, 3, '1883', '', 'Mouse', 6, 5, 0),
(16, 9, 3, '1903', '', 'cock', 6, 6, 0),
(17, 3, 4, '1885', '', 'rubbit', 8, 1, 0),
(18, 9, 4, '1883', '', 'chiken', 7, 2, 0);

-- --------------------------------------------------------

--
-- Структура таблицы `fote`
--

CREATE TABLE `fote` (
  `id` int(11) NOT NULL,
  `img` text NOT NULL,
  `who` varchar(255) NOT NULL
) ENGINE=InnoDB DEFAULT CHARSET=utf8;

--
-- Дамп данных таблицы `fote`
--

INSERT INTO `fote` (`id`, `img`, `who`) VALUES
(1, '<img class=\"dd\" src=\"data:image/gif;base64,R0lGODlhEAAQAPcAAK3EkI6oa3mLXpKkcqS/eJO0aZS3cZu5cpW1bZO2aoqrYpq2d6O9f6K7e5y2dpm1fq7EmHOKWSEiLD9CJ6GweaHBgI+5ZoqrW5OzZqK/c6G8eqXAhajCiqS/h6a7iKC5hbDCqUFVONTX6FNLRDIhGmZrU5K8bI2yXoqrXZe0bKO9hKW/jqfAkqS8kqe7kqG6hrDDooqlbtLX2FpaTwkAABsVEqDEfo6xaoelapy1ia7HmaS9jqvDlae/lqS3iZaxdK/Gl561bcvLym5xYx4fEgUJALXNk6vHeq/KgsThnrzfj5/GdLvhl7zen7rWmJm2d7DHl6W7e2JeaDIzNy0sQgoLIR4lIwsRDCwzK2RtXHx8Y1tUPlVLQEY9Nl5fSX2GZ6W7jI+ib0ZAVT5EQyoyOSUqLSYqKVBOVUZER3h4dJKUikBDQS0uOTg2RyQjKyclIp63hY2fd0tDXURJTS0yPDY5QTo5R0xLTk1ISYmLmTs+NmVlUwgIAQ8PDiApJhIXEpy5g4WUc0o+VUBDSScqMi4xOjE0QEhETFNGQo6TmzE7Nzc6MAAAAA0PDCEjHZ67hYGRaUA2Q0FDTjI0QSgqMjM4PV9camReX4WIhaGknVBQTCUlJgUFBAECA525hZSldFlPWTs7TC4wRR8hKzc7Ozk7OhYZGBwcHRERER4fJBYYGIutc7i7xT1CMhUZFCotKVJOUTc7Nh8hISUmJysqKy4uKSQkIQ8RDgwKDwsKDaa+iJeydrS1wRobCQ4HAUE0MEk9PSomJBQPERkWGRQUFhYWFUFDQF9gWD0+OpiohKq8l66vvSAjDFZDOoNjYYt7dYFyd390emhiZUBARCkpKhgXGRwcHBMUDBcYE4+ZgzM7PElOVm55SKaJbJpsWnZaR1A2NT0sLkE4PEZFSkhKTD1AQSkrLCAfHRsZFqy8kmt8W3CCW5+vc8WwipNwV4RmU4pqYHxgWWZOSltIR1lKSllOTU1FRDcyMB8aFgAAAAAAAAAAAAAAAAAAAAAAAAAAACH/C05FVFNDQVBFMi4wAwEAAAAh+QQEewABACwAAAAAEAAQAAAI/wABQAABAwgUMHAAPfL0SFeybOkCRAgRI0iUMHECQfq0apcybeoESBAhQ4gUMXIERQLFiteybesGTBgxY8iUMXMGSQrVqhczbuwIUCBBgwgVMnQITRLlylezbu0KVChRo0iVMnUKURr16pczb+4MWDBhw4gVM3YMVSIFC9izb+8OXDhx48iVM3cOWSoVKxg0cPAQYECBAwkWNHgQXTIlS1i0cPESZEiRI0mWNHkSYWI0a5g0cfIUaFChQ4kWNXoUZWJEi9i0cfMWbFixY8mWNXsWaWJUqxg1cvQYcGDBgwkXNnwYbTpl61S1cvUadGjRo0mXNn0YcUJ1y5g1c/YceCRw4cOJFzd+GnVKhevYtXP3Hnx48ePJlzd/HDVSlQsZNnT4BAQAOw==\">\r\n', 'bull'),
(2, '<img class=\"dd\" src=\"data:image/gif;base64,R0lGODlhEAAQAPcAAAMDCwQDDgMDEAMEEgQFFAYHFw0PHwsNHQcGFggHFwYIHAcIHggLIQsOKAMDDAQDEAMEFQEDFgQDGAMEFwQIGgkOHwQKFwEGHAMGHwEGKAIGLQMMKwUOMQMBDgIDEAQEGAEDFwYHIAUGHgIFHQMFGgAEGAIGHwIHIgMJLgMKOAENOAMPPwIBCwIBDAIDDwQEFQEDGAMEHgIDHQADGgAEHwAIMwYMRAcRTgkUXAgUYgUWXQYWWgMCEQMBEQQDFgMDHQIEJgQGLAMGLQMHOAYOVQ4dgxQnmBIpnA0tngoplgoiiAkgfAQCFAIBFQEDHAEDJAIENQMHPAYLShMaeRcxqhc80xZF3BVA1hI+zQ40uQ4sqAspmAUDGQUEHgIFKAMCOQoFYQ8ThgoithU99hNb/w1e/whb+w5V9hFN8w9C3hBA2g89xQUDIAAEMQgFXhxMvUvh/zTa/wmJ/wOK/wB//QBv9wZk8wpY9Q1N8wtP+BRS6AQCFwIEHgADLxULcCyk8CH13CDh1Aqz9wCd/wCL/wF2/AVp+Qpa8g9M7A9L7xFN4AIEHAACLA8Gaxhm2jHz8C/n7ACM7wCB/gB4/QBr+AFi8wZY8BBP8Q5G6wo8yAUDGAYCGAEBKAcEVgwSmAYpsQIxyAU36AZQ9gdX+AxY9gxV8gtN6BJG5w8+2ww0uAMDFgIEHQACKAIGPgYIVAgSaw4YjA8jpxMzyBc/4xVG7A9G6g1C4Q071Qo3xQkuqwQEFgIFGwAEIAIGKAAFMwAHPwMKTwENVwISagYbigkkmwgmoAwppAkroQksnQgnlwcDFAQFFwEEHAIEIAAFIAQFKQQENAUIOgQGOwIHSwAMVAAQXQYWcgUadwQeeQYdegYEFAEFHgAFHgIEIwMFKQIIKwIGJwQGLQEINQAIOwMLSwIOVgISWwMVYAMEEQQEFwQEGgMFHQcKJgYMKQIIJQIFJQMHKAMHLQMJNQILPAMNQQMQRQAAAAAAAAAAAAAAAAAAAAAAAAAAAAAAAAAAAAAAACH/C05FVFNDQVBFMi4wAwEAAAAh+QQEewABACwAAAAAEAAQAAAI/wABOHDAggcTLlz27NGkSpcybegABOjQokeTLmz4LNq0ateyZQMCPPDgwocTL236MOLEihezXekEQPjw4seTL278NOrUqlezbeoGRAABAwgUMG/+OPLkypczbkElhIgRJEoYOIAefXr161m3dQQmiJAhRIqYOIEggYIFDJo3dgUojJgxZMoYOYIihYoVLNq3dgYqkKBBhAqZOYMkiZIlTBo4dwcslKhRpEoZOoQmjZo1bFq4dwgumLBhxIqZOoUokaJFjJo4eAkwnLhx5MoZO4YqlapVrNq4eAoyoMCBBAuaO4csmbJlzBo5eQs0pMiRJEsaPIgunbp17Fq5eQw2qCPQoUSLmjyJMKHChQybOXoNOKzYsWTLGj2KMqXKlSzbuXoBAQA7\">\r\n', 'drago'),
(3, '<img class=\"dd\" src=\"data:image/gif;base64,R0lGODlhEAAQAPcAAHhobW1UYVQvSk8hREUQPVUPTmQPYXYadHEhaWY9Q0s5LigQDVEXH4cwQqFBc20tXjAeKzAIOFMEXnAWdXUSeosQhJkMkKMKl5sWg3dEQTIcCigQCHIpLoUeJZcnUmkgUkcwPoozhp0MlZkPhpodhp0nf7FDjJ46fHkrUJx2YzoiDzshGmIeIHgUGshUhIk0b00vOKBUeqU7f5Q5Zno0TD4LFGQzNTgNDQ0AAHZcSSwWBUw1LE8bGl4OEr9Qgokxc0w0OF9CQh0AAUwlHoJWSHZOQIBNRXxKR1c3L3paTxwFAFQ+NjMOCz8GDJk/c3ElZyMXGltLRVxAPXxESXYvNmcqL3s9RnA2QT4fH087MyEVBzwwJh4CAjIEFHsyZUoOSh4VHEo6OkgnLHE1RXMrP1AYKE4aKk4iMSwXHDsuKxoSCC8lICYLEy8JGVofTz8PQx0WIT42Okw3PVMrN1wxPFQ4RFE0Q1I5SCcdJjQsLRoTDh4WFScQFScKEkwWXEYUUyQZJywlLgcACDMhMioXKxUIHzskPxoFHxIAFzsuLUM2LyMSE0wlKWEqMLtKrnkqc1tDUpxkkJxDn6dPqq1NqqxPprdVrrJSqbJVqIdhYVdDNCsODHs4QaNDUflnxYc3c08rO7FGjMQZpMIXnr0PlbcTj7QQjKwKhZsFdWw5PE87KR8DAF4cIX4hMJEWVEYMMVcuP4E1V4cZXIwdYYoeXooaXo4YYYMNXH8TVVswJ086JRIAAEwMEW0UKZsoYj0PMGM/SiQHCR4AA1c0NDIOCTwTE2g4R1EjN2E3QFk7KnVgTBkAAGAaIpw3XbAzgD0UN3lfX0UqIJtrW8uLdMWHaKhqVrh5eXZCQlQxKmVEMpN0ZDwLC3cgJ81TfuRasD8WNXJcVGdFPY5RTp1STYY8NY1DPaBVV5pdWXpXSjwdCl8+MUcXE3QkKrpQdKU5eDMTK4BrYIhvZZFtZpFpYoxhWoBTTXBEQGVBPWBFP2RLQ3BYUTgdGysGEiwGHCgKIyAPISH/C05FVFNDQVBFMi4wAwEAAAAh+QQEewABACwAAAAAEAAQAAAI/wABQAABAwgUMHAAQQIFCxg0cPACRAgRI0iUMHECRQoVK1i0cPEESBAhQ4gUMXIESRIlS5g0cfIGTBgxY8iUMXMGTRo1a9i0cfMIUCBBgwgVMnQIUSJFixg1cvQKVChRo0iVMnUKVSpVq1i1cvUMWDBhw4gVM3YMWTJly5g1c/YOXDhx48iVM3cOXTp169i1c/cQYECBAwkWNHgQYUKFCxk2dPgSZEiRI0mWNHkSZUqVK1m2dPkUaFChQ4kWNXoUaVKlS5k2dfoWbFixY8mWNXsWbVq1a9m2dfsYcGDBgwkXNnwYcWLFixk3dvwadGjRo0mXNn0adWrVq1m3dv0ceCRw4cOJFzd+HHly5cuZN3f+Hnx48ePJlzd/Hn169evZt3f/BAQAOw==\">\r\n', 'hear'),
(4, '<img class=\"dd\" src=\"data:image/gif;base64,R0lGODlhEAAQAPcAANnHktfGjNfGh9nHidnHlNvHkt26fMybS+G5aOm4Z9KZUJZaGaVpJsmRQ9+uXN25adfGjdbGitjEidjFjtrJlubPkKx8NdmjUuW2aNCaSNaaUYlMDeWtZfbGdei+bd23ZtrGjtnGi9fEi9XGj9jJkdO0aIpRBqNoJat2N7aDP6x0MWovAIxREaxtJbh4LdGhUtrGkdjGj9XEjNXGk9nJmeLRmuLQlu3eq+bdqvDblN+rX49UEeOsW/m9Zt6pUui/adnHkNfHh9PEgtfGk9bFitnGmdnFm9rHldnGjuDGgdWcTolNDLJ3Lu2vWNqfSuqwWtnGkNrHid/HhdvFdtTHbdXHjtfHl9rHl+PQkduiVZNWEbaBNOzHadqoUuCgT9nGkdvEgN+3XtGlRdbCc9XFj9jHl9rHm9vKm+DNjd+nXaFhGsCHPeHBcty7atyrWdnIkNnGedu5Wdy2WNjGgdTDhtfFkdnHmtvIjdO1ZOKsWbN0KcKKO+XFeNq/duO8atiyZdy8Xty/Yt7BZNrGg9fHktnIk9vJmd/HhunGceWvY7p9NMqUR9SvaN7EiNexZ9yzVNKtSt3GeNq/aNzHfNjIl9jIktrJjtewZNmjTqpuJI5RDZlhGdGoZOXUod3KjtzEbNK5WOjGftORP96+ctjGlOTJkOKxaOapWaZmHrV2ML2APcSWUejZnNzIitzHe9rEZeW+ZNOUNtu9ZNjDh9nHltrIj824dtq+d9yzZ7R8M5NSFIxJBL2JPdzBfNfEddPAbt3Igta9ZdjGZ9jFfdrIltzImtrMmdbOkO3VjdOhVLJzLsiHOey7Z9rDddrHf9nIj9nInNfHidjJfNvCgdrGm9rGndnJltvIhfDPgsGJQJJREJNVEOvJf93Hh9jCddzHjtjHmdrHktXBdNnGktjHm9zJmOG/fNGaUpdaGJJVFpxmI+zTkNrIjtjDddnGjNrHltvHjtbDfNjGkNG0eMWPTaNnJ55kI8WVTt/CfdvIjAAAAAAAAAAAAAAAAAAAAAAAACH/C05FVFNDQVBFMi4wAwEAAAAh+QQEewABACwAAAAAEAAQAAAI/wABQAABAwiUL2/+PPrkypczb+0CRAgRI0gUMHAAQQL16tezb+4ESBAhQ4iUMHECRQoFCxg0I0UGTBgxY8gUMXIESRIVK1g0cO8IUCBBgwiVMXMGTRolS5i0cPAKVChRo0gVMnQIUSI1a9g0cfEMWDBhw4iVMnUKVbpCixi1cfIOXDhx48gVM3YMWSpVq1g1cmUQYECBAwmFM3cOXTJly5i1ckcSZEiRIwkWNHgQYTp169g1c/MUaFChQ0mWNHkSZUKFCxm2c/QWbFixY4kWNXoUaUqVK1k2dPUYcGDBg8mWNXsWbVKlS5m2dPYadGjRowkXNnwYcVq1a9k2dfcceCRw4cNJlzZ9GnVixYsZt3X4Hnx48eOJFzd+HHlq1atZN3b5BAQAOw==\">\r\n', 'snake'),
(5, '<img class=\"dd\" src=\"data:image/gif;base64,R0lGODlhEAAQAPcAADiMdQJtTAFnRwBjRQJfQhhmTTFzXTlxXBxZQgZRNglQOCZ4dB+x7gGv+gGw+gGy++f18mmrmABUMgBQMABXOABbPxBiSzxuXCdhSgJSNQBLLQVOOASi5QCw/wCw+gKx+/3+/v///+T370uTfQBHKQA9HQA6GgFTNgA+IAAyEQAwDhBOOACU1wCm+hC19ia59v7+/tnq5Zm9s4WwpYWto6nGveXv6T7L/wCr/oPk/vL9/cHi1l+2mTeeelWnjcXo3zC7+QCf+QCs7qHe9WO1mQBpNABwOwBqQABaMyB2XOjv6f39/f/+/f///T+99wCe/A6u94PU+er48UWihABxQgBzTQBvTABmRluMeufq6P/+/lHE+QCb+lvO/+z7/v///jKRcABjPQBqRwBjQRtlTkl7bdPi32zI+gCS9Aii7ofR7/L99Rd/XwBZNQRnQz+Bbk17azxkWeDm4oTN/ACR9y2x9dLt9uDz7QJiRQBIJx9fTSZhTgZNOBpZQ+j78pDT/ACI9gCO7GW77NXl4azIwtDj3vj//VmPfyBWSBRKOAAcCAARADxoWf//957a/gCD8yus+NDy/qrJwmuklWejkdnl4v3//uvv7uHw7P7//7Lf/gB87QCK5nK77JvGvZLFuIC0o6fIv/b19uvr6+Pi4+7u7sDm/gB47xOU6sXq/JrKwGSci2adiGCZhcbg2Pn6+dXv+gB26QWI6Mbq/nqpnl2Zhnu1n2unkmqdjPX3+P/+//79/vD7/QB65QB46Kva+Z63ravEuqjHu7rWytXp3/P38/v8+/v9/P3+/fL5/kSg7A5/6iCF5AAAAAAAAAAAAAAAAAAAAAAAAAAAAAAAAAAAAAAAAAAAAAAAAAAAAAAAAAAAAAAAAAAAAAAAAAAAAAAAAAAAAAAAAAAAAAAAAAAAAAAAAAAAAAAAAAAAAAAAAAAAAAAAAAAAAAAAAAAAAAAAAAAAAAAAAAAAAAAAAAAAAAAAAAAAAAAAAAAAAAAAAAAAAAAAAAAAAAAAAAAAACH/C05FVFNDQVBFMi4wAwEAAAAh+QQFewAhACwAAAAAEAAQAAAI/wABQAABYwcRKTBggBgkyZMqWsACRAgRgkeRKV8oEpr0aVWtYAIkiAjRwwgVMGtCFKIEipUtYQMmjAjh40iVMGzuhKgUqtWtYQQokAjxA4kVMW3wGKLoChexAhVKxAiR5MoYN3kOUQyRq5gBCyZkhFCChcwbPYhCiAqhy9iBCydmUMxSBs6eRJZGhYBxDAEGFDS2monDR9ElUnuRJciQokaIJRTl9FmEqdSrXTAUaFBhIwQTLRT9MMpEMeGCDSsoNgmRMUQj1l++wGDAgcUNIE62nJnzx5EmU7B4JWvQoQWOIE+4oKED6NGmU7F6KXPgwUUOIVC6pKkTCBInVLJ8LRR78OGFjiFRvKixIyhSp1SzfjELCAA7\">\r\n', 'rat'),
(6, '<img class=\"dd\" src=\"data:image/gif;base64,R0lGODlhEAAQAOYAAJvKpyGkIzeuNz+xPx+lHwCYAAebBy+rLxmhGwyeDP///+j16O/474zQjACPAACZAACVAAqdCvP58wKZAgCWAA6eDuP14zOsM83tzY7UjoXOhQCQAACaAACUAAKaAgCSAACRABShFACEAC6qLgCBAAudCw6dDgCLAACXAMPpwxujG3PJc3rIeo/Sj3jHeJbUljywPACOAJLTkobNhp/Yn0O0Q3bJdj+yP0W1RTuwOwCJADGrMRKeEiqoKgabBgCNABqiGtHt0ez77InPiQCTABKhEgCDACOmIwCMAOn26QOZAx2iHwydDBCfEMnryTauNgObA3zMfNfv1jGqMxGfEeDz4OT05Pb69nvJexGhEWvDa/3+/TywO4nRiZDVkK3drZXVlT+1Pw2fDYXPhYrPigCHAE64TFS7UrXTw3S+fWe6bwAAAAAAAAAAAAAAAAAAAAAAAAAAAAAAAAAAAAAAAAAAAAAAAAAAAAAAAAAAAAAAAAAAAAAAAAAAAAAAAAAAACH/C05FVFNDQVBFMi4wAwEAAAAh+QQFewAKACwAAAAAEAAQAAAH2YAAgoOEhWgBCRUgKA8PFBRAHxtUEzFpAgoWISgQjzlBRUxVXWVqAwsXIgkUBSg6B0ZNVl6lAwoYIyktMjY7QkdOCgpmpgwXJCouMwU8CjFPC18OpgoZJSsvNDc9ChRQV2BGagQNGiYsMDU4PkOdWGGlBQ4bJx0xIB0/KEgODh8nago84DCwEQeBD6JkgRAjIIQOECN2IFJAgRYxOtQYiOChkccHBSYo2DLmh5oDEoSpVJlE5RmNEz6AmEkThBJhZJAEfISip08KD6Rw6VAKgdGjSJdMCWA0TSAAOw==\">\r\n', 'horse'),
(7, '<img class=\"dd\" src=\"data:image/gif;base64,R0lGODlhEAAQAPcAAIESE4ASE38SE2ENDTMHCBYDBRIDBRMDBBMDBRICBREDBQ8DBQ4DBQwDBAsDBZMWGJoXGjoHCAgBAggCBAkCBg0DBRIBBRQBBRQDAxQBBBMBBREDBJMXGDoDBRAABA8CBBIDBhIBBA4BAwsCBAYCBgoDBRMCBRQDBVsKDCYAACABBRgDBhQDByMEB1MJCEQEBRcBAgwAAxIBAxcDAxACAz4DBDsBASkCBBQDBhUDBhEDA0AHCUgEA1EGCHQOETgGBxABAzEDBDMEBDACBDwAAioCBBoDBRUBBA8DBgUCBAwBBDsBAk0FBnANDoIUEy0BAjICBCkBBDsEBSwCBD4AAikCBRoDBgwDBRgCBSsAAksGBmoNDV0KCyAAADcCBDoDAzUDBC0CBEUBAyACBRkCBCcCBCEAAiIBAk4FCE8HCE0GB0wFBzwCAzQBBDgDAjoEBEIBAzIDBFcHCUgDBWQKC38REn8SEmULDFMIClcJCk4GBy8CAzgDAykDBjoAAyoBA3IOEIkTFYcWFoMUFYQTF5EYGH0RFGgNDW0OD2gMDVEIBzABAzcDBCYDBS8AAVEICakaHJwaG5oZGoMTFX8SFKEbHZ4aHYITE3sRE3QQEjsDAzMDAx4DBiwAAn8RE7AeHZ0aG6wdIIQTFXEOEY4XF7ggIqIbHZQXGoQVFH0TFFgKCSwDAxMDBikAAokTFLUhI54cHaEbH0EFB4kVF7wiJbEfIrAfIHgREJUYGJcZGTkGBxMEBxkDBWAKCrcgIcMiJcIkKJEXGJIXGKYaG6kbG3QOD6McHVoJCp0XFtcmKEYMDBIEBwcDBQMBAgsCBUUMDXkWGG4RElAMDo0XF74fHn4PDoYVFjQFBRwGCQIDBQsFBhgECBkEBx4GCxgFChUECRMFCQ0ECAwEBwsEBkoOEE0NDgsEBwoEBwoECAkEBwgEBwAAAAAAAAAAAAAAAAAAAAAAAAAAAAAAAAAAAAAAAAAAAAAAAAAAAAAAAAAAAAAAAAAAAAAAAAAAAAAAAAAAACH/C05FVFNDQVBFMi4wAwEAAAAh+QQEewABACwAAAAAEAAQAAAI/wABPOCAosaQKWGK9GnEidWuZdsCQOiQwgYRKmLg+HHUqRUvZtwERPCg4kaRKmPI/HnkyVWvZt0GSPiwYoURK2TiAIL06ZUvZ94ITADBAscRDWXkBIoECtavZ98KUAihIQcSA2bmCJIUKhYwaOAMVBAxQkeSK2foDJokSlGwaOEOWBjRYocSLB3qEKI0SpYwaeIQXJjggseSLGjsFKpEatawaeMQYCDxogcTLWnuGLJUihYxauQSZCgBw0eTLWrwHLpkqlaxauUUFDAR44cTLmvyIMJ0ypYxa+YWXDghA8iTLmz0JMqE6taxa+cYaFAwIwgUL22+KDqUChcybOgaICRgQONFlC9u9izSpCpXsmzpHGwwYECIFDBv+DDatEqXMm3qBAQAOw==\">\r\n', 'manky'),
(8, '<img class=\"dd\" src=\"data:image/gif;base64,R0lGODlhEAAQAPcAAAMOgQQDlQUElRIRmTc4rUBHtwMLhgUCmgQDlAQClQAAkAAAkQgHlQAAfQUGlB0cmp+h1v///5ia1AQJjAQBlwMDlAMClQAAi2dkwCkqoAAAhxoXngQHkAQClgAAkwAAg8rL6f///sDA4QAAhgAAlgYDlgQFkwUClwQDlgAAlAMBk/r6+/r4+7Cv2gAAjwAAjAQDmAYDlQQElgAAjgoLl/7+/kVHqgMFlwQClAUDlAMFlgcFl1pbtzw7qQAAhQ4Omv39/R0amwQDlwMBlAYHlQQElSwspYyLzMjK6gAAgTo6sQEClQIBlAsMlwkGlU9StRANl7K13AAAbJKR0Xx/xgAAigUFlwMBlQsMmHh4yJKQzLu43gAAewMClAYGlQMFlAMDlQAAiT48q////OHg9AUDmzw6rc/T6tzZ7r+/4QUDmAMDkwMHjnd0xAAAfGZlvpqY0QIJiwMCkwAAiElIs0VCqwAAjQUDlgQMhwUAm0JArdfU6C4spQEAkgQQgAUDl0xNs4uKzjo4qgYElgUFlggLmRcephQeowAAAAAAAAAAAAAAAAAAAAAAAAAAAAAAAAAAAAAAAAAAAAAAAAAAAAAAAAAAAAAAAAAAAAAAAAAAAAAAAAAAAAAAAAAAAAAAAAAAAAAAAAAAAAAAAAAAAAAAAAAAAAAAAAAAAAAAAAAAAAAAAAAAAAAAAAAAAAAAAAAAAAAAAAAAAAAAAAAAAAAAAAAAAAAAAAAAAAAAAAAAAAAAAAAAAAAAAAAAAAAAAAAAAAAAAAAAAAAAAAAAAAAAAAAAAAAAAAAAAAAAAAAAAAAAAAAAAAAAAAAAAAAAAAAAAAAAAAAAAAAAAAAAAAAAAAAAAAAAAAAAAAAAAAAAAAAAAAAAAAAAAAAAAAAAAAAAAAAAAAAAAAAAAAAAAAAAAAAAAAAAAAAAAAAAAAAAAAAAAAAAAAAAAAAAAAAAAAAAAAAAAAAAAAAAAAAAAAAAAAAAAAAAAAAAAAAAAAAAAAAAAAAAAAAAAAAAAAAAACH/C05FVFNDQVBFMi4wAwEAAAAh+QQFewARACwAAAAAEAAQAAAI+gABGJjAwYQMHUUOfjHBJg4ePwEOUOhwwsMOI05cgDmBgkKePwEQVKgQ4AIPF08WhFGgQA7JADADoJgR4QiULGLMzHhhIWbIABp6IIkSoWiEBShgJrDgIcUMH0mkaBkToc2cmAoufFBB44eSKUXPuNGgIOkCDCCMqkXzho4eQAEYGK0BpIbREEX3BArQIEKIFWq3kEkDpw4fQQEcFGVhlAqXDx+q2FkwKMCDoi1sBImcoowaNXcCEBIAIYIIFzNSLLEiBMWakUOsDIiQYcSLG0IQIOjis08hAhE0kICBYwiTK0Ms4EgQoI+hAhI2lIiRg0gTLF6KJNR+KCAAOw==\">\r\n', 'ship'),
(9, '<img class=\"dd\" src=\"data:image/gif;base64,R0lGODlhEAAQAPcAAMKksLysyrex4LS19LG4+6+5+q+5+bS6/La19La06be54Lq2zsStmMuiJ8GdLJOUlMKlsbqsybSw3q2w66y29qu9+6e59rC5+LS087Wy6bW/6LW41cOsm82hCsqgGZSVlMOlsr6qxrKy3qq576zF+qnJ+6zK+7DI/K699bS06La95be62MWsmNKoFsqiEJeWjcGosretyrC/7KzG/KrG/avE+anF+6fG+qzG+7K35ri74re71b+tls+sHMqmGJ2YicCmr7Ouzq/F+KrE+abF+arG+KjH+6jG+6jH/LC/7rW44rW8172vrdOvMtKuKKGah7+lsLKv2K/H/q3D+qvF+azG+KrF/KrI/7DI97K65bS+4czFztu9YqiNPlRGO8GmurGm2K3F+ajA96vD96rE+KjH+qrF+KnJ/q7I97S75cDG27+2uwAAABEGDsGgvLig17LC9qbE+KjF+6nE+ajG+KjF96jI/KzB8bG34snM4nxudAgAABcACRIEDMGdwcGg2raz7arG/KvG/6nF/6nH/6rL/6/N/7S9773A69TT6SAJEUEULzYOJhwDEr+awLmdz7eo3a2676zF/bbV/7TP/rLD7Ki02q+x2tTd/5ePoE0RMVkUNkERKr2Yvr6gzLiq362x567A+MDN/DgdKU8XHGgkJmgiJW4/SFA0Rm5YgYxnmVciUUYUNMKbv8CezLyq3bGw5LS98qSKn1QaFnc7OX9ARW8wN3RCQjMKFn9pmKug3Mq+/ZqLtcGXt7uZxLun17Sv4Lq+7Y5qeIJEQKBfXLZ3cpxfXZFmbBMAAzQaKINmd62Zq39tiMWZucCdxbul0rev3b265bGTo200McF7cc6CdblvZ66Ilo55fa98fJ1gXg8AACoKGsSat7ydv7yn0bqq17uw2sq21Ihtg2NHUW9QVrCSotDF3t/OylMoJtWanYdcYVc8S8WYsMGfu76nyL+sz7yrzLytybuvybyyy7uwxruywr+yvsSxqXVXTzMKEU0tOo54iQAAAAAAAAAAACH/C05FVFNDQVBFMi4wAwEAAAAh+QQEewABACwAAAAAEAAQAAAI/wABQAABAwiUL278OOrUqlezbu0CRAgRI0gUMG/+PPLkypczb+4ESBAhQ4iUMHAAQfr06tezb+8GTBgxY8gUMXECRQIFCxg0cPAIUCBBgwiVMXIESQoVK1i0cPEKVChRo0gVMnMGTRIlS5g0cfIMWDBhwwiSMnQIURo1a9i0cfMOXDhx44gVM3UKVSJFixg1cvQQYECBA8mVM3YMWSpVq1i1cvUSZEiRIwkWNHcOXTJly5g1c/YUaFChQ0mWNHgQYTp169i1c/cWbFixY4kWNXkSZUKFCxk2dPgYcGDBg8mWNXoUsUmVK1m2dPkadGjRowkXNnsWaVKlS5k2dfoceCRw4cNJFzZ8GG1atWvZtnX7Hnx48eOJlzZ9GnFixYsZN3b8BAQAOw==\">\r\n\r\n', 'cock'),
(10, '<img class=\"dd\" src=\"data:image/gif;base64,R0lGODlhEAAQAPcAAACw/AG0+QO2+AS49gi58wm78gu/7xHC7BHD7AjA6wrA7hS/7BK03xzA5xnC5RzG7ACt+QCw/QGy/gC2/wG5/QC4+gK+9wu/8hHD9wS/9QPG/xG8+AB7ugCKxBa98yzH9QCl9gKt+QGw+wK3/wi8/we4/gnJ/gnD8w7F+QbD9RPH/AqYzwF3qAB4o1ux4G222QKl+gOr/AGu+gS1/wq6/wCKzwm/8QbA8xHC+gux5wmg1gB/sQuEqQ+HpqrE6qm6yQSl/ASs/wCt/QKz/wWx/ABzvBK37xbD/xW49gCGvgKDuAWBqw6OrgCAozeJqYiqvAGf+gSy/wWx/wi6/wWw9AF/wQCBugBzrwB5sQJ0pg6FtBGLsgmIqAWCpAJ6njOOsQOj+wex/wFovgBirQCJzxCa3geOxQaIuAiMuAF9rAF9qweHrwiKrBWRtBiStyihywSl+wev/wBluQmZ3gKi7Aae5gKGwgqIugCAsSi87iy67Cqx3xGQuhGFsRR8pR6Jsgao/Qax/wuj9Ai3/wa1/wmy+QSLyBCEvAOAtCS56wB0qwZ1pQVwnRJ0nyV4oSV6pAWq/gCs/gC1/wTA/wuq5wJ5swR2rAyBtRFkmyJ2pSx/pyp1myJtkB5ylwOp/QCq/ASz/wSk8Qay/wOu+AOQ0Q58txNvphp1pRhijR9xlh5zkUGSrl231WHE5wOn/QCq+wWn+QBfsQp0xQN8xwBvrQ5ppRNnnhV3ph6LtlzS+mvZ/nfm/2jc/1vO+AGn/ACq+Qax/gBbpQJloRaj3QKLwwl+thaUyBrD8BvJ8jXN+EzJ9lbO9VjM+AKo/AOt/AS7/xOt9BHA/wTD/wq/+BrG+BDF+QTH+yDH/ETO/1fR/1nU/1bJ7m7F6gKp/QSv/QCz/gGx+QC0+wCz+gC3+QK/9gTB8wnF9STH+kDM+07K+EnO+XDD56/D4wOr/gKx/QS0/AW0+wSz+wO0+QO3+Ae+9gzC9BTE9CHG9TLJ+TrH9znG82W84KatygAAAAAAAAAAACH/C05FVFNDQVBFMi4wAwEAAAAh+QQEewABACwAAAAAEAAQAAAI/wABQAABAwgUMHAAQfLkylezbu0CRAgRI0iUMHECRfr06pczb+4ESBAhQ4gUMXIESQAFC9izb+8GTBgxY8iUMXMGSQoVKxg0cPAIUCBBgwgVMnQITRAlS1i0cPEKVChRo0iVMnUKTRo1a5g0cfIMWDBhw4gVM3YMUSJFi9i0cfMOXDhx48iVM3cOVSpVqxg1cvQQYECBAwkWNHgQWTJly1i1cvUSZEiRI0mWNHkSXTp165g1c/YUaFChQ4kWNXoUYUKFC9m1c/cWbFixY8mWNXsWZUqVKxk2dPgYcGDBgwkXNnwYaVKlS1m2dPkadGjRo0mXNn0abVq1K5c2dfoceCRw4cOJFzd+HHFixWvZtnX7Hnx48ePJlzd/HnVq1YsZN3b8BAQAOw==\">\r\n', 'pig'),
(11, '<img class=\"dd\" src=\"data:image/gif;base64,R0lGODlhEAAQAPcAAEVPXzpKPSA9Mx5koWZ/pmh9n2FzknOBnXJ7kltgdlZYbVVUY1BNUS8uKBkeFCcpLUBEUT5BQTFFTTdrn2x7m4yevHeGllljZ19qeVljdVpgbz5ASisnJSkkDQsJAB0fLWVugyYvPis2S15nfmNneGlwgVtjZV9eUUlSW299lY6arXmFm4CEl56dpo6VqHmFqDAzQhgPGxUZLCkwQHZ1nPPj//Da/6h9kI5baoRRWFAfJHlzjGNziVxleXSFp4yq0x4mOhchO3F5lFtfeKOYx9fE9bejyEouNWxOaLyetEweIE8cLIFugn+HkWmAqDRanh8pOwIOJkNIXB4fMXhZaYVaZ2pARjwWH5R1oriXtJNdZGkvNp1jgKeFkD5RlChFmikzQgABDR0dKBgYJDYkLVsvNGc0MmQ2NXpOVlQnJWAsLV4tLms9QUAfHx0ycRwpYUxYagAAAAgLFAcNFhYNGlstOWg0N4A+QHYzNWEqJ2MvMlwqK202NUwiIZJshLynxoOTswgGDQUEDgYJFQ4GEnI4Q2czOZBMVK1fZaBTVJtPUJNHSJtUUlcnI1YlJJRyg2+LsDI6RQkDBwgKEwIDDoZMVnw6PVYcIGYsL5Q/RqtTVXw1NV4kIlQeHFgiH3RDSBJLfydSeBUJCwcHDwADDlsxPqRCRWIOE2EWF7VWWrVbW61aW7doasl3edV9f7JoajRcgVd3lDApKgsIDgACDQoIFK1cbtpxfOZ4gf+Kkf+Okf6KjNNsableWcxvaIhMTFpwj2B0izxESSUfJwgADQAADA0DF0EhLC8VIyogHBcYDGdLXsF1gv+Xm7VhXS8bKFFqfV9yil5tfl5qeCUjKQABBBUrCAAICw4GFQgEFS8zShQRGScZMQ8HJxwYO1pweWl8lmJ3k3mPrHB/lCckM1lkXEZpEyxDEiQ6FjI/L2lrgVRUalddhRwlWx4gUEdgWW+GnWZ6l2ByjF5pfV9ngWp1j0lbVjVPRxo8NxolGklQa21ylG1jdFQ3UiYsZAAAACH/C05FVFNDQVBFMi4wAwEAAAAh+QQEewABACwAAAAAEAAQAAAI/wABQAABAwgUMHAAQQIFCxi0b+8CRAgRI0iUMHECRQoVK1g0cPAESBAhQ4gUMXIESRIlS5i0cPEGTBgxY8iUMXMGTRo1a9g0cfIIUCBBgwgVMnQIUSJFixi1cfMKVChRo0iVMnUKVSpVq1gccvQMWDBhw4gVM3YMWTJly1i1cvUOXDhx48iVM3cOXTp165g1c/YQYECBAwkWNHgQYUKFC9m1c/cSZEiRI0mWNHkSZUqVKxk2dPgUaFChQ4kWNXoUaVKlS1m2dPkWbFixY8mWNXsWbVq1a5k2dfoYcGDBgwkXNnwYcWLFi9m2dfsadGjRo0mXNn0adWrVqxk3dvwceCRw4cOJFzd+HHly5ctZt3b9Hnx48ePJlzd/Hn169euZN3f+BAQAOw==\">\r\n', 'dog'),
(12, '<img class=\"dd\" src=\"data:image/gif;base64,R0lGODlhEAAQAPcAAK+TeYBjPebMluLNj9C+j+jXre7fu/HnycO4n6GXg5+TeubXuoBzWZWKc+bawsu8o6SNY6SLW9bGmIl5S7uTYriWa7Sdef/94T0sG6achs2/pv7s0tzQuXxxXOLUv8Szm/Tqvfr3ybe0l9zZxei+kq6AVKuEXM2zkMa7n+/p0Me4pLGdjKOThI2Acf/25cq4pOHYvPLt1sW7pnJtVpSGZb+hcNefYP7Gf/jDhOvGj+fMnfDVraKNdrKflpmGgHRiV9rFoenfuezSqMSqfoNgOsacaeajZf2/fvTAhN66iqWMZKSMa39sVxIDACsdFWVTSbCNXdGqcOi2d8qdXcKHXbx4QtCISsKCR8SRWa+NZPvtzd3MtMa0og8CAHNlXX1sYb6VXbaBQOyuacqLSMyBU9GIUeGcY8WMVdWmd3lVQ865o///+erf0bKrnv///8Cxpcija9eoa/nEisqQXMiIWsWKVrF9R6h7SsOXb8icgHVbS8zFvnZtYoN+b93Uxq6gk+DFls2mdH1PKFcmBIBQJMKZZbiSXK2HWNuvirJ9ZiUGAFdRUQAAAHx5apaPgHxuYtTHsf/46WpkW2lkXCUaE0IyJ2hXRkQ2I2tiVVxdYaqrrW9sbJaQjratqo2Be5qViWtpYlVOQyAWDFtHP0QuHks3Ikg3JVRJPE9LSpWVmWdlZlxZWF1XU7GopGJWUXBwaUFFQYR+dU0+L5+BcIRpV3xnUmNTRWthWDg1NlJSVjQyMyckJQgCACsiHjkuKVlXTYqMhjo2LGJYSXFTRT0mF009LUY7MlJKRUI9QF9eYlVUVDo4NhIMCDoxLTgtKG9hTo6Dc3RuYXBrYy4YE0s8Np2WkR4YF2hiYlBITTs2PEhHSFJQT0I8OjMoJjwwK6iNbti8nSIZDSInJ0c/RXx6foqMjwkKDF1cXEM3OU9HSU9OT3JraWxhXUk9OIZpUYlwWGVWSzYwM1NUWmtwd2JqclhfZiMlJzk0Mz04OTYzN1dUVl9cW19bWEI9OAAAAAAAACH/C05FVFNDQVBFMi4wAwEAAAAh+QQFewBuACwAAAAAEAAQAAAI/wABQAABAwgUMHAAQfr06tezb+4CRAgRI0iUMHECRQIFCxg0cO8ESBAhQ4gUMXIESQoVK1i0cPAGTBgxY8iUMXMGTRIlS5g0cfEIUCBBgwgVMnQIURo1a9i0cfIKVChRo0iVMnUKVSJFixg1cvMMWDBhw4gVM3YMWSpVq1i1cvQOXDhx48iVM3cOXTJly5g1c/UQYECBAwkWNHgQYTp169i1c/YSZEiRI0mWNHkSMUKFCxk2dPcUaFChQ4kWNXoUZUqVK1m2dPgWbFixY8mWNXsWaVKlS5k2dfkYcGDBgwkXNnwYbVq1a9k2VPoadGjRo0mXNn0acWLFixm3dfsceCRw4cOJFzd+HHVq1atZN3b8Hnx48ePJlzd/Hnly5cuZt3b9BAQAOw==\">\r\n', 'tiger'),
(13, '<img class=\"dd\" src=\"data:image/gif;base64,R0lGODlhEAAQAPcAAPDbx/LXxvPYyfLSvd21mOS+rN2wkZlmQZNbSJdZRd6vnN29q9i4qdOvo+G+q9a0o/PeyfPXxPjk0e7Js+e6nLiMcJBTLnpBG4hUSZpcS8mTet/Jute4sNa1qOrJrNOwpPXizPDZxfzs1u/Eq7qMcn5XOIlXQY9cRYlQQKRjT86Xfd/MwN7AvNO2qOPDptKwp/PizvXdzv/fxLaEYWo/KpNeLZpbQbZ1WqlmR59XO8ykldjHwdy+udu8ruXGsti1qfHk0unSyNOnkX9PLGU6F82ZizkhKJloWIdOKqptSPDc2NLEwdm7r+PFsN/DssqikvTq3Pjl2e/LxpprPXJEGrJ+dGdNUbN/bXM7G6NlMuDMydHBveDHuObIuuzJvb6XhfXt3/no1Naymr9xKZdHJKBmSdCiisONbnxNLadgJ6t4R+HDvPPb0evQxebBr7SSgPTr3/Pj0te1m/SIQ6koGYxGN7V7YJ5zVaFwQcuGP6FRFZ1hM+/Rwe3az62EaMSmlvbp3fPczeza0NOTZ+RuMqxzXriJbK+FXal4R7FxQYE7EoA0ANqie/jk2IplTt3BtvDfy/HWxvrx6cywn71+WLOOea2KUqJ0S5NkRGc/IW47H2wsAKlkM7KSfKZ+ZN/ArezUvu7Xwfv37enTx8CXcrOEaKt+XY9eRYdZPYhhPoBSMGk0DIxDEioAADEAAH1QOefPvfXizv/z4cyqlsuplbqParCKYKuAWqV4VJtwT4JRL2o5FoE8EJpxWNWtj7qXgurWx/jr2e/Vu5BePbOOdK98XptpTIxhOpltRYlcOohYNW8/HWgsBLeSf9q0pJ90XefWz/Lezr+ZfZhgPadzUq94UadzR6NwRaNxRqp4UJdjQo5cPl4wC1EeAVUeAHtII+ra0t+/r6p5WaZsRKBvQqt4TrWDW658WJ9sSK5+WXhKKHZJK3hOK6FtRtSeeayBau/c1MifiLmEYbN6T6dwQJ5pPZFfNpdmPZZlPI5iO4xdN4pWMKJqRMahjE8yJWJDNSH/C05FVFNDQVBFMi4wAwEAAAAh+QQEewABACwAAAAAEAAQAAAI/wABQAABAwgUMHAAQQIFCxg0cPACRAgRI0iUMHECRQoVK1i0cPEESBAhQ4gUMXIESRIlS5g0cfIGTBgxY8iUMXMGTRo1a9i0cfMIUCBBgwgVMnQIUSJFixg1cvQKVChRo0iVMnUKVSpVq1i1cvUMWDBhw4gVM3YMWTJly5g1c/YOXDhx48iVM3cOXTp169i1c/cQYECBAwkWNHgQYUKFCxk2dPgSZEiRI0mWNHkSZUqVK1m2dPkUaFChQ4kWNXoUaVKlS5k2dfoWbFixY8mWNXsWbVq1a9m2dfsYcGDBgwkXNnwYcWLFixk3dvwadGjRo0mXNn0adWrVq1m3dv0ceCRw4cOJFzd+HHly5cuZN3f+Hnx48ePJlzd/Hn169evZt3f/BAQAOw==\">\r\n', 'aguti'),
(14, '<img class=\"dd\" src=\"data:image/gif;base64,R0lGODlhEAAQAPcAAG1oaAYFBQAAAAEAAQwGBVY1I2lDLkIjFxwIBBsHAxkGARgGARcEABYGAw4AADMRBAMDBAEECCgYDnhNMoxeP2A5JRAAAAUAAA8AAAwAAAoAAEshDhcVGRIIBU4rHTQfGR4SDi0hIa97d4JQT3FEORsEAHBSP14uFwIBA2ZRU7RxakINDHs6NVQhHd63oEcfDT01NX1dXH5WUj8iIE06Od2nn5leXIFMSmInJXNBLjUYDAIBAaCMjOano9WKgsV6cKBXTZBOR+Sso4JIQoBGQ2YzMlknKigNEW5kZwIAASYhIktJSv/e4NyppNWmntulnrZ1brJtZvzBunU7N1IgH3cvMU4VGlMpLNXGyf///6Cbnf/y8M67veDj6M/Y2jQwMZiCgS8XGEUcH0saHUAOFl8xM9bHyuna2/7t61dRU+/d28+0tNW8v/Te3+fJzP/h4SMKDS0IDFIVHpdPVebV2P/4929sbfjs7eDKyu3T1unT0mpUVWI7PmYsMEMPFpRSVuTU1//u76CXmPbu7M/Ew+bo6Pv//73CxbSrrkRERb+JhHg8OlgyMV8yNPXk5Ovg4c3Hx/fq6dzKytq6u9ezs/HGxf/l5vnZ2+e0sJ5lY611c1MnLOPR1HdtblxVVllVVuba2v/29f/y8vnU1f7o6N69vMaWks2anFwvMEQfGNbMzR8eHz48PT41NgoFBvDX139FRLqFgM6af6x4QmU6G5KPjQcFCB0eH8G8vXRvcU1KTf3m6NeoqevS2curnjsOAGE6IHt4dgcFBg4LDaKZnN/R197Q1ubW29e+tHBRRGdKQC4RBjwdDgAAAAAAAAAAAAAAAAAAAAAAAAAAAAAAAAAAAAAAAAAAAAAAAAAAAAAAAAAAAAAAAAAAAAAAAAAAAAAAAAAAAAAAAAAAAAAAAAAAAAAAAAAAAAAAAAAAAAAAAAAAAAAAAAAAAAAAAAAAAAAAAAAAAAAAAAAAAAAAAAAAAAAAAAAAAAAAAAAAAAAAAAAAAAAAAAAAAAAAAAAAACH/C05FVFNDQVBFMi4wAwEAAAAh+QQFewBZACwAAAAAEAAQAAAI/wABCBgoYAcSLGbMYEGoqlawAAQHJslyhg4gR5wialSSBU2dQHU6ERwAIeISLWnsCHrkiSCBCBxQCODBZIuaO4MgfSJYQEIHATB6NOGyBg+hSKBW2RJmYIIHATF8OOnCJk8hSVlY3Rp2gMIHATJ+PPHSRo+hSaFa4SKGoAIIATOAQBHghsYhSqJc5SqWwEKIFDSCRPnyZg+iSqME6DKm4IIIFTWESAEzMJElUq92HVsgYMQKG0OmhCF4qRQsXsgYYCDB4gYRKmLg8FGEyVSsXskaZCjRAkeRKmPi9FmU6ZQsX8ocaDDhIocRK2Tk+GGkCdWsX8sebDjxQseRK2Xm/AlptCkVLWDMAgIAOw==\">\r\n', 'губка'),
(15, '<img class=\"dd\" src=\"data:image/gif;base64,R0lGODlhEAAQAPcAAOLh4tXe5cXZ5MTZ5sXZ5cTa5tng5uPh4ePh4uLh4fbq5yyOwwB6yAB7xAB6xgB2xWKs0/Tp5Pzt6RSFyQiD2BWI1xWI2BWH2AB/11On2fXp42Cr0jKXzzOVyzKUyzKUyjOUzC2Qx47A3PDm5OHh4uvl5P/u5v/27f//9f//9v//+P//+f//9P/47fjq4+3i4fXq6IS73gd/ygB8ygB7xwB8xwB9yAB/yQF/ynS02fLn5uHh4ezi4pvI5A6ByhOF0CCK0iGK0iGK0yCK1AiD1TeXzP/z7Obi4ffq5ajN4Q9/wg+DzSCK0CCKzx+Jzx+Kzx+K0B+J0Q+E1TWWyfbq5szd6x2IyxCDzyOM0SKL0B+L0B2J0B2K0BCE1DeWyv/27uTg4tPe5RCBxgB7zAl/zhOEzguAzSKL0R6Jzx+K0TeWy7XM3Qx+xkyi146+3bXX7wV+yCWN0h2Jzx6KzyGKzxCE0jeWyfXr5fPq5f/z6f/u3+3q6QB1wiaO0iGK0Q+E0jiWy9/f4efh393k6wByxSaP0x2IzyCK0QmB0D6a0P7x6+vj4eHm6gBzwyaP1CCL0RiGzwqBzgd9x5PC4fPo5uji4d3k6QBzxRKF0w2BzgJ9yAx8w2ux2tTl8f7v6e3k4t7h5nSw1z+Xz0qd0IO52crb6eDi5AAAAAAAAAAAAAAAAAAAAAAAAAAAAAAAAAAAAAAAAAAAAAAAAAAAAAAAAAAAAAAAAAAAAAAAAAAAAAAAAAAAAAAAAAAAAAAAAAAAAAAAAAAAAAAAAAAAAAAAAAAAAAAAAAAAAAAAAAAAAAAAAAAAAAAAAAAAAAAAAAAAAAAAAAAAAAAAAAAAAAAAAAAAAAAAAAAAAAAAAAAAAAAAAAAAAAAAAAAAAAAAAAAAAAAAAAAAAAAAAAAAAAAAAAAAAAAAAAAAAAAAAAAAAAAAAAAAAAAAAAAAAAAAAAAAAAAAAAAAAAAAAAAAAAAAAAAAAAAAAAAAAAAAAAAAAAAAAAAAAAAAAAAAAAAAAAAAACH/C05FVFNDQVBFMi4wAwEAAAAh+QQEewABACwAAAAAEAAQAAAI+QABCBw4EAwYgghJkNhxhEqYNXcSIBRI4gAPJFXEsMETaGKCBC8UJLEypk2ejiQEfkxQAkYPJVfIuNEjaFElgQokaDARw8cSLGXe7BnEyBKoAAsmbDgh4weTLGbg8CHU6FIoAQwocEAxA0gTLWfi9CnkCJOoAQ0qdEhBI4iTLWjkyDH0JNOoAQ4seEhRI8gTLlACQ3mkiRQBBxU+qLAhBMqTJ3PmOIG0qVQBBxdArLgxJAqUNHT8HIrEydSABxhCsMBBREqXLnX+IJLU6YABCBlEtMhRZIoXNXYAJZrkCcGBCBJGuNBh5MSXLydOKKL0CQCCiQMRXB8YEAA7\">\r\n', 'Игуанна'),
(16, '<img class=\"dd\" src=\"data:image/gif;base64,R0lGODlhEAAQAPcAAP///zZFNhcdEiUnHCtAMxcwJRwrIAsRBzMxJDpXTRkwKixANiExKA4YERATDzQ0IWiHfiI/ORgrJEVXTSE0LB8wKAsXEQUPCR4rIkJOSDNDPDZMQz1maChFQRAmICw+NxIpJSxMSR06ORgwMBQxMBc4NxQ6NRk7Nra5lStVVz5fWxo1LTxVSSZKRDBRTTRYUzBVUSlPSR9AOyJCPh4+OoWFdWxrWZWomR9ITFNzbxUnIEBSRzJcVwwwLxU3Mhk6NSVHQiE+OyM+Ox87OHZ6awAJBIJ9dWWAdRAwKSEoIAAAAAMGBEtyc0ptbDxcWjRUUzJOTiU7PB81NR44NT1GPQAIBGxaTyYdFTY2LzYyKScnICUoIjpiYlB4dERoZSpPSydIRytHRyM+OiU/PD1HQQMOCURAN11NRFZFOkE4Kjc1KFRURCZGPT9pZlFybkhnYkJgVzZQTy5KSDFMSENNRAQLCCUnI3JoWIx7Y2haRS8nGlNJNUBALSQ9Oll7dz9jXTdZTC9OSTxdVzNOR3h5ZQ4PECgnJWlZSYl1XqKPe0I3KYV5ZX57ZUtkWWeBe2N9d2N+eERdWTxUTDNKQpCIYjMvJBsdHUdBOYN2Y5GFdSEcEywnHGljT3ONh1p+emiEfFt0azlSSD1TSjBGPmBZOigmIQ8LDwEABCsoKXd1bGuYlHGSi2qFf1VvaU1jXCY7NXyalVV4eDpaWCpHQzFLSDBIQ3B7bl9tYl9wZFFjVwAAAAAAAAAAAAAAAAAAAAAAAAAAAAAAAAAAAAAAAAAAAAAAAAAAAAAAAAAAAAAAAAAAAAAAAAAAAAAAAAAAAAAAAAAAAAAAAAAAAAAAAAAAAAAAAAAAAAAAAAAAAAAAAAAAAAAAAAAAAAAAAAAAAAAAAAAAAAAAAAAAAAAAAAAAAAAAAAAAAAAAAAAAAAAAAAAAAAAAAAAAAAAAAAAAAAAAAAAAAAAAAAAAAAAAAAAAAAAAAAAAAAAAAAAAAAAAAAAAAAAAAAAAAAAAAAAAAAAAACH/C05FVFNDQVBFMi4wAwEAAAAh+QQFewAAACwAAAAAEAAQAAAI7AABCBwIgAgVMnQIUSLIsEaRKmXqFKpEiuFAG0asmLFjyFIpiwBQ3Dhy5cydQ5dMMYTAIQUOJFjQ4EGE6RTBBBE6qMiRJEuaPIkyoRpIQIEEDyt0KNGiRo8iTakEBiiwYMIHFjuWbFmzZ9GmgQIMMKAAogUPJlzY8GHEaeCAAw0qhHDRo0mXNn0adSKIwIEFES98OPHixo8jT6pgDXxwYQSMH0++vPnz6NOqWAQxkIgBBAoYOIAggWIly9bADCVkBIkSJk6gSKFazbo1UIOJGUKkiJEjSJIoV7RwDdxwgsaQKWPmDJo06lWtXAEBADs=\">\r\n', 'Ягупоп'),
(17, '<img class=\"dd\" src=\"data:image/gif;base64,R0lGODlhEAAQAPcAAP///6S8xWuOmqK+1QZUfhRkhSJhjQA8djqEoQ49XQI6Ygc3Sj9XZnuboU2ClpKqtFlkXIKRg2JvYEBUVBVMVwtHXVOQsyJ5qgBAdEh3inR6cneCfUlUSnB2ary+sKaigqihc4eCVnNtSFBhSiVLTQAsUgApXRlqk2KJlnZ6cG+Dd0lVSGVWS9vXyJeOe4R9Xm1pTFhUMo2JaG5rWh1ARQMwTVB7iW1xZ3NkWHxuXDkpFlAjEltcSFBQQlBMO25pVY6FY6+Vd7iGdUFQRTxYYUZZXYyMglBFOX5+al5BLY9QOFRaQ0BGPlBVR3qAc3N8aWRiVVRGNxZAKylOTDZHR3NrZEVGO2M/LZJlSkRJMjU6NENJQEBKQxQqIwYnGwo2IwExIRErME1eYDAxJEIxG21gSSMrHhIhHxwuLhgpKgkdHgUcFzpXTBEtJQQXHDdITI2ZlYGCcV9mXx82NxEvNgMlKgAiJQwtKzRHQVBeVi9APwIiIl5tZx85NAsmKjVNTjdPTF9yakVhVnWAeTtQTgklKW56eGR0dQAkJXmIgHaDfHh+dgAAAAAAAAAAAAAAAAAAAAAAAAAAAAAAAAAAAAAAAAAAAAAAAAAAAAAAAAAAAAAAAAAAAAAAAAAAAAAAAAAAAAAAAAAAAAAAAAAAAAAAAAAAAAAAAAAAAAAAAAAAAAAAAAAAAAAAAAAAAAAAAAAAAAAAAAAAAAAAAAAAAAAAAAAAAAAAAAAAAAAAAAAAAAAAAAAAAAAAAAAAAAAAAAAAAAAAAAAAAAAAAAAAAAAAAAAAAAAAAAAAAAAAAAAAAAAAAAAAAAAAAAAAAAAAAAAAAAAAAAAAAAAAAAAAAAAAAAAAAAAAAAAAAAAAAAAAAAAAAAAAAAAAAAAAAAAAAAAAAAAAAAAAAAAAAAAAAAAAAAAAAAAAAAAAAAAAAAAAAAAAAAAAAAAAAAAAAAAAAAAAAAAAAAAAAAAAAAAAAAAAAAAAAAAAAAAAAAAAAAAAAAAAAAAAAAAAAAAAAAAAACH/C05FVFNDQVBFMi4wAwEAAAAh+QQFewAAACwAAAAAEAAQAAAIvAABCBwI4IYRgggHakiB40iVhAg3qMiBxMoYiAM5rNCR5AqZOBgBdGCxQwmWMiEBeGjBY0kWM3IQDjCQAMIHFz2YaDkzpw+hQwACEDigIAKIFz6abEFDx08hRIoEFECwQEIIGD+ccElT54+hRIsGMpggIgaQJ13U2AGUsAGFETKCQPGy5k4giBVIzBAS5QsbPBgtlKAxRAqYNnkwXjBRg8iUMG70QHSA4YSNIlTEvNkjKOGDDCgIwuEzaGBAADs=\">\r\n', 'Мидия'),
(18, '<img class=\"dd\" src=\"data:image/gif;base64,R0lGODlhEAAQAPcAAP////7TzPyDbvtXOfxCIPxXOf2Hcv7Wz/2MeP5CIP9BHf9AHvw+HP1CIPx2Xv9EHv1CH/xDIvxCIfxAHvw/HfxBIP9FIP6Nef9DHvxEI/w3E/o0EPw6F/xAH/w8Gv9CHf/VzP9EIfw8Gfs8Gv1nTPtyWftTNPo3FPs/HvozEP1iR/xGJf9BH/7Ryf9CHvw9G/tOLv7Ty/r////9/f7+/v2aiPsyDvs+HP2jk/7y8PxMLP8+Gf6Hcfs2E/6ypf2pmvyPe/3Syv2klP3Px/63qv8/HPxYOvw9GvxDIf/z8P2qmvopBPoyDv7GvP7s6fyCbPw5Fvw7Gf1IJ/yCbfooAvs9GvouCPtJKf2djftHJ/onAvw3FPw/HPxYO/88GfxJKf/5+P3X0PyxpP23qv24q/20p/2rnP27r/2xpP89G/xXOv+Icv8+GvxLK/3p5v/+/v708v2Ic//Syf9DIfxAHf1KKvxHJvxGJP9EIv/Vzf6Pe/o8Gf2NeP9EH/1BIPxBH/w/Hv6MePtBH/2EbgAAAAAAAAAAAAAAAAAAAAAAAAAAAAAAAAAAAAAAAAAAAAAAAAAAAAAAAAAAAAAAAAAAAAAAAAAAAAAAAAAAAAAAAAAAAAAAAAAAAAAAAAAAAAAAAAAAAAAAAAAAAAAAAAAAAAAAAAAAAAAAAAAAAAAAAAAAAAAAAAAAAAAAAAAAAAAAAAAAAAAAAAAAAAAAAAAAAAAAAAAAAAAAAAAAAAAAAAAAAAAAAAAAAAAAAAAAAAAAAAAAAAAAAAAAAAAAAAAAAAAAAAAAAAAAAAAAAAAAAAAAAAAAAAAAAAAAAAAAAAAAAAAAAAAAAAAAAAAAAAAAAAAAAAAAAAAAAAAAAAAAAAAAAAAAAAAAAAAAAAAAAAAAAAAAAAAAAAAAAAAAAAAAAAAAAAAAAAAAAAAAAAAAAAAAAAAAAAAAAAAAAAAAAAAAAAAAAAAAAAAAAAAAAAAAAAAAAAAAAAAAAAAAAAAAAAAAAAAAAAAAAAAAAAAAAAAAACH/C05FVFNDQVBFMi4wAwEAAAAh+QQFewAAACwAAAAAEAAQAAAI9wABCAQAwkABAgS6rJEzsOGFEC5YHInihc0cPQ0BOMAw4UUPJFK+tKGDwcFABA8yiIDhIwkNMG7qTOgTCECABBAmjIghQ8mUMG/sePDT4IAABRE0kJDxYwkVMTJWeCCgwMCABRI2lJgBhEmVMTRW7Pmz4CCDCRxM0AhywwoZGXc8AGKAkAGFDidqyGhypUxUuQwEFVhAgQIKG0JkYDETdewCIwYUVJjA4MYQJ1nEhJ2qYNCBBhAIpMAh44mWM3/9JAgAAIEFDypyEIGyBQ0cOzMRDHTwYYWOwhR8UyiZEQGLHUUocEnDBg+fjAJb8DBSoYKaOHkaBgQAOw==\">\r\n', 'Антилопа'),
(19, '<img class=\"dd\" src=\"data:image/gif;base64,R0lGODlhEAAQAPcAAEIIFz4FEjgACjoDDkEGFkYJGkkIG1cVKFgTJ2MdL2MZI1QKE1wSHlwTIFoOG1cLGj4KFkEJFU8IGVgPIXApM3wyQH49QngwOHIrM2onLGcgLWgkMFkUHVwbIVwbIF8ZIWszPWw4RmIxQWNAQ1o3PlAnMlgvPVkrOFglL2MlLFwLFGscH18NE1wNGFsQGWwjKm4sNGUjLGIbJWUYImcaIlsLEl4OE1IAAXciJcV0cZdAQNWUiNCGfdKDer5mW6pSSbVvYcZ8asiBbrp0X55SSYAxNb1rZXYYG4lBO61OScqPfuy2o+KdjN+ZidiOgtSGeMmFds6JetGLfdiXhIxHR692cMx/cE0CGR0AAXIhKbFsXPG/rOy0oeWtmOikk+ejkdWWhtadjNqikuKul4E8QMCHe8RyYz0JGCgFCKFMSaBKO/G4qvnEtPa/rvq7qPa5pN2fjd6kkOOpmOy3oYk9Qa5xaMt6cTYEF29DVeKinMN0Yt6smvzKufzHtfrJsfrFsOKlk+CmlOSqlO+6pJlaVm0tONuNgUkVGS4ABrdzcMl8aN+rmvjHtPzItfvLt/zLtuqum+ismeitl/C3osWIflUUKaJWS49ufjAWMNCbmtOZhui7pvTFsPnGsvnKtfvMtvG0ovK2o/S4o/i6puuvmGkqK3YcEMCEg41ldPfTzeWyq+2+q/K8q/nBr/7Ot/jCrfa5p/q8qvq/r/vBrf/EqqFmXoE1K65hUrBubtCSiOy5sua0n+q0oe62ovCxncqCcvm/rPzArvvEtP7FtP/EsuaomqlhTqdQPpJEPsOJddeumsiSfcKAcK9lWYszKIo0KPm/rfjArvnEsfvFsPu/pfm8o+2slNKKdZ1IPn0dF4kzLLBiU7huXqJaSatfTMh8bPnCsPfCr/jHs/rGsvu+qPm9p/u7pfq5oPK2n+inlOGejd+XhN+WgumfjPawnfS1ovrFtPrGtfrHtfrGs/nBrfe+qPa+qPi/q/fFsfvJtPrKtfnJtvvLuvzMuvjFsQAAACH/C05FVFNDQVBFMi4wAwEAAAAh+QQEewABACwAAAAAEAAQAAAI/wABQAABAwgUMHAAQQIFCxg0cPACRAgRI0iUMHECRQoVK1i0cPEESBAhQ4gUMXIESRIlS5g0cfIGTBgxY8iUMXMGTRo1a9i0cfMIUCBBgwgVMnQIUSJFixg1cvQKVChRo0iVMnUKVSpVq1i1cvUMWDBhw4gVM3YMWTJly5g1c/YOXDhx48iVM3cOXTp169i1c/cQYECBAwkWNHgQYUKFCxk2dPgSZEiRI0mWNHkSZUqVK1m2dPkUaFChQ4kWNXoUaVKlS5k2dfoWbFixY8mWNXsWbVq1a9m2dfsYcGDBgwkXNnwYcWLFixk3dvwadGjRo0mXNn0adWrVq1m3dv0ceCRw4cOJFzd+HHly5cuZN3f6Hnx48ePJlzd/Hn169evZt3f+BAQAOw==\">\r\n', 'Жаба'),
(20, '<img class=\"dd\" src=\"data:image/gif;base64,R0lGODlhEAAQAPcAAEeOkUOKjT+IiTuFhjN9gDN+gDR/gjR8fpC3ia7JkouweUd7VSdRO1d2Soyma2Z9RkqUlUWQj0OPjTmDgzuDgT2HiC57hkCGgM7eocDUn1yOXBhTPypFLmmFUoGVVmR9RlCZmUqWlEKOjT+KiESNjD2HiSBzfo21nefpuKnDkStoQyRVO0pfNmaASnqOU1x1P1Kcm0qXlUWRkEiWkEOPjDWBgxdveOHhs+jqvZvBjiJcOFR5TXGKVGB+TGR+R0JdMlahnk6ZlVKcmFCdl0KPijeGgy+Bff/8yufkvoW5gVaTYlV7SnONVmh8RFVsNSRVSVukoFiinVqloE6amESSjjaLh2mciv/95OvfvIGtcFp7R1FmN1tzPk5bLShGOhpiZWWqpXa0r2eoo02alUyblDiSi6bFtdbuzj+piztxSktaKUNSI0VTKi4+IhpobRtiZXKzrYC4tHSvqVilnValnD+YkLbay4a4nRyWgRVvZUNZOzU0Ey0rFyBoZx9scRtjZXW3sGqwqGetpV6to1ypokSclZ3RwjI1KhU7MxNJRSsZFR8YBx9lYx92eCBmaBtjZHu7s3G2rm61rWezqmCso0ujm5bWwi40Inh1UDE3KCIpIiJ0biB9fiFvbiBmZx1jZIPAt3y9tXW5sWu2rF6so1SspnKaiS0qGzwvHR49NS6JhySDgCB1dCFubSBpah5kZYvFvYPBuXi8tGy0rV6vp3jCti4yIS5INCsbETKJhS2FgSF2dB9wbyFubh9oZxxiZJLIwYbCuny+tmy2rmi/toOpkyAhECpBNSMnHjaclil7dyB3cyFycCFubB9lZhpgY5jKxIzHv4PDunK9sp7XyCwlDykiDBgGADFMRDaTjCd6dCB2cyFqaxlgYp/OyJPLw269tH2plBcJACslEhcQBzmKgDOMhyZ7diB3dCFwbyJrah5mZhlgYaHOyY/IwIHBuHG5sFV9bSAjFTROPkGRiTuPhjKFfyh9eSJ2ciFpaRxjYxdeXwAAAAAAAAAAAAAAACH/C05FVFNDQVBFMi4wAwEAAAAh+QQEewABACwAAAAAEAAQAAAI/wABQAABAwgUMHAAQQIFCxg0b+0CRAgRI0iUMHECRQoVK1i0b+4ESBAhQ4gUMXIESRIlS5i0WO8GTBgxY8iUMXMGTRo1a9g0cPAIUCBBgwgVMnQIUSJFixi1cPEKVChRo0iVMnUKVSpVq1g1cfIMWDBhw4gVM3YMWTJly5i1cfMOXDhx48iVM3cOXTp169g1cvQQYECBAwkWNHgQYUKFCxm2cvUSZEiRI0mWNHkSZUqVK1k2c/YUaFChQ4kWNXoUaVKlS5m2c/cWbFixY8mWNXsWbVq1a9k2dPgYcGDBgwkXNnwYcWLFi1mndJ0adGjRo0mXNn0adWrVqxk3dfkceCRw4cOJFzd+HHly5cvZq3X6Hnx48ePJlzd/Hn169etZN3b7BAQAOw==\">\r\n', 'Утконос'),
(21, '<img class=\"dd\" src=\"data:image/gif;base64,R0lGODlhEAAQAPcAAP///xySnyyYpVR+lO0JDeINFegKD+sJEuGGh+iysukKEOMODA/FwRi8uwu3sxywuVOSt/8AAN0OG+YKC+sAAOLq7/cAAO4LDwuIkg55jgCWlQOVmyOitWSTu9sPHecKC+rg29i9wee8vBJ5jQt/jQZ9iwSIkQWWnEGOsVOJr9wNHeoAAOnf3+/a3vHPzweXng+fpRSXoRukrimdrlSHsFGTuNkQGugKC+0AAOrp7fEAAOoLFAWnpQalpQ2oqQqYnwCkpS6esluWwlGUudsPGOgKDuYAANifpN/f1N8AAOINDwGcmxKhpRqClBWAlAKdok+Os1eWxVCWuN0NFuMNEOEABfAAAOUAAOULEw6bnQignhqQnQmTmwCXmW+RwluRyliIrvUAD+kAGegAHekAHekAHugAHukKFgmdmwOcmxaQmxqerCmNpmuSxFSSt0WUxYVYmfS3AOeuAOaxAOewAOexAOixAOucBAajmQWllBqflQmmpB15iG+auViOpVeXv3aQwv/4APrjBfzmBfviA/rjB/zlAPjXAAelqACXwwCYzgCM3xZ14DWO+iyL8y2R/3mosv/uAP/hAP/mAP/nAP/qAPnYAdPKMfjQGvvOF//UFf/TCP7jAP/PCfbAFf/QAPXJAO66D6GWErKfH6+dH6+hIZ6dKPnQAv/PAPnHAP/jAMZqAJkxFpxQEaVcEJVdAVM4LnBETQAeWAA1YAAuYwA6bARKXPvRA/3QAvzPAf/tAAcQKQAxXABSaABEYwA1XgAqWgBPbgA3SABGWgBKWgBIZQBHV/vRBPzRBP/WB//2AAARYwwOIQovOxI2Qg5BThhKYglnaglaaABjdopbMPlIBMZJFfvQBfzRBvrSA9myCgBLUggoMwVCSwRgXQdYXQxhagNiZwVjbAZjbItdLO1XCPNPBQAAAAAAAAAAAAAAAAAAAAAAAAAAAAAAAAAAAAAAAAAAAAAAAAAAAAAAAAAAAAAAAAAAAAAAAAAAAAAAAAAAAAAAAAAAAAAAAAAAACH/C05FVFNDQVBFMi4wAwEAAAAh+QQFewAAACwAAAAAEAAQAAAI/wABCBTIY0kWNHgQXTp169i1gSNe9GCiJU2eRJhQ4UKGTSAGEjB8NNmiRo+iTKlyJcsGgEGGEjF+OOGyZs8iTap0KdMGoIEGEzKAPOnChg+jTat2LdsWwMGGEzOCQPHSpk8jTqx4MeMm4AEHFDSERPnixo+jTq16Nes2AEKHFDWGSAHz5s8jT658OfNGIILfvxHgAIL06dWvZ98KSPCgwgaRKWHiBIoEChYwaOAMTPjw4UYRKmLkCJIUKlawaOEOUKCwAoeRKmPmDJokSpYwaeIQVADBIscRCmToEKI0atawaeMSDASAxEqZOoUmkaJFjBo5BRZCtNCR5IoZO4YqlRiqVaxauQUXRLjYoQTLmTuHLJmyZcyauYAAOw==\">\r\n', 'Ёж'),
(22, '<img class=\"dd\" src=\"data:image/gif;base64,R0lGODlhEAAQAPcAANDGqcKulm5SQk8wJ2tMRWhKQlk6NFU2Ll09Nl8+N4ZmXoJiWn1dVls6M41sZmxLRNDPofnwx31oT4xyZmtUTEgrJ0wuKVg6NmBAO1Y2L1AxKG9OSdOxrcSjn3pXU5ZzbtXVo+Lgq+bfrvn1y/j20f/63c2yomxMQ3BPR2ZDPl88N1IyKz8iGLmai7uUiamAd9XVodDTn9DPnNLPoN3csNLPqX5hSkQhD6R+bo5ZVl4wL1wzKZR6YZ6CYLyYedyznNbXpPL0uvb1vfr3xPv1y2FYNLCSfaaEdoxfUpthXLKGgUsZEFVCJF1BHXhSLYRcP2JeSE1LNk9IM1FINVxQP4t9av/fxP/t1nlMQGAuKv/o304kGYR2VW1NJXlUL8WegD43MjUtLDcwLjYvLy8mJ0w8PeC7m//53JFjWnRJR////29NPIt8VqeBWeG3lNyylDw1MTs0MTw2MT02MjAnI1Q9P7CGY///1vTZvs+1mv/30bR8WKd6VOCuiPHAnfTIqTw0MD01MSsiHLONi6hlPe65g+q7kIthQbt5WM6FX/XCnP3KpPrMqe3BoTszLzoyLjwyLj40MSQdFde3rb5tUbxyUoRJOC8PFk0lGJNgQv/jv/PIpdSnhteqjjsyLzwzLz0zMCskIFBCOdSUgOWfjGo6M0UtN08xK7KGcP/WuOy8ocudgceZfzs0Lzk0LzgwLSgiGJBtX6BeUX1COlsoKmk2MaFvX7qLcqZ2YaJyXLB/ajs0MDQuJjsxKIJlVtCkk8mWkMGQisWPh655bJxoXY1bTqBrXzsyLjsyLDgtJFNGLHtvTDQmEycRBUgXD1oaFmQgHWkmI2suKDoyL0AwKVpEKW9UMmFJOVAyKmkyLoE8OH84NHQzLmcvKEY2LGxTNndYNGtQOVAwJlowKFsuJ1QwJk0yJkoxJQAAAAAAAAAAAAAAAAAAAAAAAAAAAAAAAAAAAAAAAAAAAAAAAAAAAAAAAAAAAAAAAAAAAAAAAAAAAAAAAAAAAAAAAAAAAAAAACH/C05FVFNDQVBFMi4wAwEAAAAh+QQFewBqACwAAAAAEAAQAAAI/wABQAABAwgUMHAAOXLUqpWjXYACRAgRI0iUMHEAPfLE8dgjQAIkiJAhRIoYOYAgfXLlytEjRwMmjJgxZMqYOYEigWrF8iMBCiRoEKFCho4gSaFe7fI0DVCBCiVqFKlSps6gSaJg8UL20YAFEzaMWDFjhxClUbF6JaPm7cCFEzeOXDlzp1AlUrJ8Kav2DQEGFDiQYEGDx5ClUrN+LbMGLkGGFDmSZEmT59AlU7SAMbsWToEGFTqUaFGjBxGmU7WCNcMmbsGGFTuWbFmzJ1EmVLaEOcs2jgEHFjyYcGHDR5GmVLeGPdNGrkGHFj2adGnTZ9EmVbiIQdtWzoEHFz6ceB9x44cRp1W5ikXjZu7Bhxc/nnx586dRJ1a6jEnrdi4gADs=\">\r\n', 'носорог'),
(23, '<img class=\"dd\" src=\"data:image/gif;base64,R0lGODlhEAAQAPcAANlvNclbKLA/FsJPI9FVJNBTHtFUHOJnLNRkI+iAPO6BPet1M9ZWLU8YFbhxY+eYf99xPN5oNtpiONdkKuZmKedpK95cH+tqLttZHfiMROJvJ+NfIHwhDwAAACEeHcVuWeyRVvChXtdkLd1xNe6CQfB9Pd9eI9xaIb86DtJLHN5PIvVfMf9iOvZdNm8YEUMaHPGaXO93P/Z8ROuMSPSRTOZxMuBcJNlQGt9GHvRWLe1XMfBeN/RwQ/h5RPtvPKVBMvCESed6PeSBP+6WTe+HRuBbI/BzOelmM/24k/ihf/SZeu6QbPWTa/eRavqQaPeJYuhwNOp+PPaFRu99PtdaIexyM9ZUHPJ3Qf/9v/nap/nKo/K3lfm7mPakiN1LS/GUee54OedtLOpeJtZMFORhJuBbHaYnALxJLP7qsPbep/3Tp/i5mPnNqP/BpdQYNeFKUuxvLuReINpLEtRKD9ZQFsM6FHwZDOB6cP/vxfnwwPrGnviUgdF8ZP/XtOQ4Q987R/WKQ+tmJud7NetyL+dcH+FYIpIuE8E3H//DnvXQpvCsifmnisVTQ+eNd/JwZ9Q4OOltLeVaHeh6N+ZpKuxbI/Z6OOt0Rs09FfG3gfnvt/bptf3ot+u9k//Hmf/AkohAOONvLOmNQPvOf+54NeVLFdtLEeFSIP95RtSObP/ktfnktPrMpPzCm/+nfbpYO0gTEeh4NN1ECeluL+aMQ/Cwe/TIkf/RoP6pf+J8dP/dt/3So/ihfbhLLa08HqM7HdJCEN5JF//DkPrbn/vPoPTIk/XMl++icBsAAqJhTf/qrOSMYtRKIb9LGsFWHa1IJMRIHbs8Ee2UYfG0evu4i/++j//ImP+zfuCOaLk6IOZZKLsfAK0fAKYlALdBBLp6X7AvHdFUH//Rl//sr//hqP+4gZpjT08YGWcAAJ8XANVWHdheJ8VGCr5hKtW0l+nu8XwYEZ0mF\r\nbNBILBILn0tHjgKCigGBkAGBmUNCJ8dE8Q1ItEuH8EhHOLU1Oz1+uv2+QAAACH/C05FVFNDQVBFMi4wAwEAAAAh+QQEewABACwAAAAAEAAQAAAI/wABQAABAwgUMHAAQQIF69ezb+8CRAgRI0iUMHECRQoVCxg0cPAESBAhQ4gUMXIESRIlK1i0cPEGTBgxY8iUMXMGTRo1S5g0cfIIUCBBgwgVMnQIUSJFa9i0cfMKVChRo0iVMnUKVSpVixg1cvQMWDBhw4gVM3YMWTJlq1i1cvUOXDhx48iVM3cOXTp1y5g1c/YQYECBAwkWNHgQYULV4di1c/cSZEiRI0mWNHkSZUqFCxk2dPgUaFChQ4kWNXoUaVKVK1m2dPkWbFixY8mWNXsWbVqlS5k2dfoYcGDBgwkXNnwYcWK1a9m2dfsadGjRo0mXNn0adWrFixk3dvwceCRw4cOJFzd+HHly1atZt3b9Hnx48ePJlzd/Hn165cuZN3f+BAQAOw==\">', 'уж'),
(24, '<img class=\"dd\" src=\"data:image/gif;base64,R0lGODlhEAAQAPcAANlvNclbKLA/FsJPI9FVJNBTHtFUHOJnLNRkI+iAPO6BPet1M9ZWLU8YFbhxY+eYf99xPN5oNtpiONdkKuZmKedpK95cH+tqLttZHfiMROJvJ+NfIHwhDwAAACEeHcVuWeyRVvChXtdkLd1xNe6CQfB9Pd9eI9xaIb86DtJLHN5PIvVfMf9iOvZdNm8YEUMaHPGaXO93P/Z8ROuMSPSRTOZxMuBcJNlQGt9GHvRWLe1XMfBeN/RwQ/h5RPtvPKVBMvCESed6PeSBP+6WTe+HRuBbI/BzOelmM/24k/ihf/SZeu6QbPWTa/eRavqQaPeJYuhwNOp+PPaFRu99PtdaIexyM9ZUHPJ3Qf/9v/nap/nKo/K3lfm7mPakiN1LS/GUee54OedtLOpeJtZMFORhJuBbHaYnALxJLP7qsPbep/3Tp/i5mPnNqP/BpdQYNeFKUuxvLuReINpLEtRKD9ZQFsM6FHwZDOB6cP/vxfnwwPrGnviUgdF8ZP/XtOQ4Q987R/WKQ+tmJud7NetyL+dcH+FYIpIuE8E3H//DnvXQpvCsifmnisVTQ+eNd/JwZ9Q4OOltLeVaHeh6N+ZpKuxbI/Z6OOt0Rs09FfG3gfnvt/bptf3ot+u9k//Hmf/AkohAOONvLOmNQPvOf+54NeVLFdtLEeFSIP95RtSObP/ktfnktPrMpPzCm/+nfbpYO0gTEeh4NN1ECeluL+aMQ/Cwe/TIkf/RoP6pf+J8dP/dt/3So/ihfbhLLa08HqM7HdJCEN5JF//DkPrbn/vPoPTIk/XMl++icBsAAqJhTf/qrOSMYtRKIb9LGsFWHa1IJMRIHbs8Ee2UYfG0evu4i/++j//ImP+zfuCOaLk6IOZZKLsfAK0fAKYlALdBBLp6X7AvHdFUH//Rl//sr//hqP+4gZpjT08YGWcAAJ8XANVWHdheJ8VGCr5hKtW0l+nu8XwYEZ0mF\r\nbNBILBILn0tHjgKCigGBkAGBmUNCJ8dE8Q1ItEuH8EhHOLU1Oz1+uv2+QAAACH/C05FVFNDQVBFMi4wAwEAAAAh+QQEewABACwAAAAAEAAQAAAI/wABQAABAwgUMHAAQQIF69ezb+8CRAgRI0iUMHECRQoVCxg0cPAESBAhQ4gUMXIESRIlK1i0cPEGTBgxY8iUMXMGTRo1S5g0cfIIUCBBgwgVMnQIUSJFa9i0cfMKVChRo0iVMnUKVSpVixg1cvQMWDBhw4gVM3YMWTJlq1i1cvUOXDhx48iVM3cOXTp1y5g1c/YQYECBAwkWNHgQYULV4di1c/cSZEiRI0mWNHkSZUqFCxk2dPgUaFChQ4kWNXoUaVKVK1m2dPkWbFixY8mWNXsWbVqlS5k2dfoYcGDBgwkXNnwYcWK1a9m2dfsadGjRo0mXNn0adWrFixk3dvwceCRw4cOJFzd+HHly1atZt3b9Hnx48ePJlzd/Hn165cuZN3f+BAQAOw==\">', 'ехидна'),
(25, '<img class=\"dd\" src=\"data:image/gif;base64,R0lGODlhEAAQAPcAANlvNclbKLA/FsJPI9FVJNBTHtFUHOJnLNRkI+iAPO6BPet1M9ZWLU8YFbhxY+eYf99xPN5oNtpiONdkKuZmKedpK95cH+tqLttZHfiMROJvJ+NfIHwhDwAAACEeHcVuWeyRVvChXtdkLd1xNe6CQfB9Pd9eI9xaIb86DtJLHN5PIvVfMf9iOvZdNm8YEUMaHPGaXO93P/Z8ROuMSPSRTOZxMuBcJNlQGt9GHvRWLe1XMfBeN/RwQ/h5RPtvPKVBMvCESed6PeSBP+6WTe+HRuBbI/BzOelmM/24k/ihf/SZeu6QbPWTa/eRavqQaPeJYuhwNOp+PPaFRu99PtdaIexyM9ZUHPJ3Qf/9v/nap/nKo/K3lfm7mPakiN1LS/GUee54OedtLOpeJtZMFORhJuBbHaYnALxJLP7qsPbep/3Tp/i5mPnNqP/BpdQYNeFKUuxvLuReINpLEtRKD9ZQFsM6FHwZDOB6cP/vxfnwwPrGnviUgdF8ZP/XtOQ4Q987R/WKQ+tmJud7NetyL+dcH+FYIpIuE8E3H//DnvXQpvCsifmnisVTQ+eNd/JwZ9Q4OOltLeVaHeh6N+ZpKuxbI/Z6OOt0Rs09FfG3gfnvt/bptf3ot+u9k//Hmf/AkohAOONvLOmNQPvOf+54NeVLFdtLEeFSIP95RtSObP/ktfnktPrMpPzCm/+nfbpYO0gTEeh4NN1ECeluL+aMQ/Cwe/TIkf/RoP6pf+J8dP/dt/3So/ihfbhLLa08HqM7HdJCEN5JF//DkPrbn/vPoPTIk/XMl++icBsAAqJhTf/qrOSMYtRKIb9LGsFWHa1IJMRIHbs8Ee2UYfG0evu4i/++j//ImP+zfuCOaLk6IOZZKLsfAK0fAKYlALdBBLp6X7AvHdFUH//Rl//sr//hqP+4gZpjT08YGWcAAJ8XANVWHdheJ8VGCr5hKtW0l+nu8XwYEZ0mF\r\nbNBILBILn0tHjgKCigGBkAGBmUNCJ8dE8Q1ItEuH8EhHOLU1Oz1+uv2+QAAACH/C05FVFNDQVBFMi4wAwEAAAAh+QQEewABACwAAAAAEAAQAAAI/wABQAABAwgUMHAAQQIF69ezb+8CRAgRI0iUMHECRQoVCxg0cPAESBAhQ4gUMXIESRIlK1i0cPEGTBgxY8iUMXMGTRo1S5g0cfIIUCBBgwgVMnQIUSJFa9i0cfMKVChRo0iVMnUKVSpVixg1cvQMWDBhw4gVM3YMWTJlq1i1cvUOXDhx48iVM3cOXTp1y5g1c/YQYECBAwkWNHgQYULV4di1c/cSZEiRI0mWNHkSZUqFCxk2dPgUaFChQ4kWNXoUaVKVK1m2dPkWbFixY8mWNXsWbVqlS5k2dfoYcGDBgwkXNnwYcWK1a9m2dfsadGjRo0mXNn0adWrFixk3dvwceCRw4cOJFzd+HHly1atZt3b9Hnx48ePJlzd/Hn165cuZN3f+BAQAOw==\">', 'пони'),
(26, '<img class=\"dd\" src=\"data:image/gif;base64,R0lGODlhEAAQAPcAAOriJ83UI6jEGsfSIungKL7MHtzYJe3iK+3iKevgLO3gJ+vhKc/TJdPXLdPWKrzJOejiKpy/FHmwDavGF/TkI8fVEfDuFvPiGejAK+XMK+3iI83QJKW/FfPlK/XkJunhJ+riLffoKvruJ//qHNDEN7y3kMC9p7+KUufUJMbKO//7Lv/+Kv/yK+ffJ8LPIOTfKOrhKuvgKa+rH2JkQezt//3///////HAqfPmD4WADCEAFZKDKf73Mp/SGHuzF8/TIO3iLvbrKe7lF8jFq/nx8fPv8PXl9tTTLDYIGkQAEEYMFLi2KOrvHejhLOvhKu/lKpuVFayqvgBTXgAtP6nV1cnFDoB6EDoAAi4AAE0bNN/XJezcNOviLPTqKsa5G4WGewBMZAALHqTAyL623OjbF9fYJcfS+GFDO7NkobqrSurOTO3fLOzjKdnPJtrRF8/An77N3q7G3MXHb66kN/PsF/vzF6Osz1w/L7dglKCAaevOSfXrKfvqKPzzBNzQSLqvma+hqPDZC9zPE+3iGvfrD11KZS8BAKhRgpJ/YO7DV+viL+vfLYeBIXl4Tw1qfgBbgI+mtpKSr+jiGfr2Lvv//4p/dst0trSlTevOSurhJ/rvLsbHq//+/wAwPQAHEaPCyNjSG6KTGUkTMCcAAD8EKc3HLuvbLuzhK+reLY6LBaOlqrfIzajJy8TPLEocGEcADT0ABY9/Jv/9J+jgKPPoKrWtGmprSvri5eixX5V5ESwADD8AEqSbK//4Ov/vKLTHHezhL/LmLuriJujgGrKvabzA3c/U/8yidtfOGmZfK6qiJPv3M5rOFoK5DeHbK+nhK+vhK+ngK8/TIvHnKO/hGOvjEOHXD+nDF+a7J+rPNvryJ/fsJ63DFbHJGPrpLOriLOjjKOffLM/TI+ziLO3iLOzfLOriLufiLt7cLcnQSsLLUgAAAAAAAAAAAAAAAAAAAAAAAAAAAAAAAAAAAAAAAAAAAAAAAAAAAAAAAAAAAAAAAAAAAAAAAAAAAAAAAAAAACH/C05FVFNDQVBFMi4wAwEAAAAh+QQFewA2ACwAAAAAEAAQAAAI/wABQAABA4gTLmsWKMp0ygkwaOACRAgRI8iTLmz2LNKEilawaOEESBAhQwgUL234MKKTqpYwaeIGTBgxY0iUL276NNqkytawac8IUCBBw4bRN35scDJKjBq0AhVK1CAiBQycP446rbJRrNo4AxZM2CgyJUwcQI88sbJhzBq0AxdO3LBBRYycQJA+2bh17FoMBBhQ4DBiY8wcQZGM4kKGjVyCDClyHKlChs4gSaBa5UqWrZwCDSp0ILFSpg6hSaFc6VKmzdyCDSt2JLlixk4hSqJe7Vq27RwDDix4KMFy5o6hSqNg8WLGDUaDDi16LMmCBs8hS6Ri9WrWDZ0DDy58MCDRkiYPokulZPly5i3dgw8vfjTZokZPIkymZv169k1dQAA7\">\r\n', 'Губка Боб'),
(27, '<img class=\"dd\" src=\"data:image/gif;base64,R0lGODlhEAAQAPcAAOriJ83UI6jEGsfSIungKL7MHtzYJe3iK+3iKevgLO3gJ+vhKc/TJdPXLdPWKrzJOejiKpy/FHmwDavGF/TkI8fVEfDuFvPiGejAK+XMK+3iI83QJKW/FfPlK/XkJunhJ+riLffoKvruJ//qHNDEN7y3kMC9p7+KUufUJMbKO//7Lv/+Kv/yK+ffJ8LPIOTfKOrhKuvgKa+rH2JkQezt//3///////HAqfPmD4WADCEAFZKDKf73Mp/SGHuzF8/TIO3iLvbrKe7lF8jFq/nx8fPv8PXl9tTTLDYIGkQAEEYMFLi2KOrvHejhLOvhKu/lKpuVFayqvgBTXgAtP6nV1cnFDoB6EDoAAi4AAE0bNN/XJezcNOviLPTqKsa5G4WGewBMZAALHqTAyL623OjbF9fYJcfS+GFDO7NkobqrSurOTO3fLOzjKdnPJtrRF8/An77N3q7G3MXHb66kN/PsF/vzF6Osz1w/L7dglKCAaevOSfXrKfvqKPzzBNzQSLqvma+hqPDZC9zPE+3iGvfrD11KZS8BAKhRgpJ/YO7DV+viL+vfLYeBIXl4Tw1qfgBbgI+mtpKSr+jiGfr2Lvv//4p/dst0trSlTevOSurhJ/rvLsbHq//+/wAwPQAHEaPCyNjSG6KTGUkTMCcAAD8EKc3HLuvbLuzhK+reLY6LBaOlqrfIzajJy8TPLEocGEcADT0ABY9/Jv/9J+jgKPPoKrWtGmprSvri5eixX5V5ESwADD8AEqSbK//4Ov/vKLTHHezhL/LmLuriJujgGrKvabzA3c/U/8yidtfOGmZfK6qiJPv3M5rOFoK5DeHbK+nhK+vhK+ngK8/TIvHnKO/hGOvjEOHXD+nDF+a7J+rPNvryJ/fsJ63DFbHJGPrpLOriLOjjKOffLM/TI+ziLO3iLOzfLOriLufiLt7cLcnQSsLLUgAAAAAAAAAAAAAAAAAAAAAAAAAAAAAAAAAAAAAAAAAAAAAAAAAAAAAAAAAAAAAAAAAAAAAAAAAAAAAAAAAAACH/C05FVFNDQVBFMi4wAwEAAAAh+QQFewA2ACwAAAAAEAAQAAAI/wABQAABA4gTLmsWKMp0ygkwaOACRAgRI8iTLmz2LNKEilawaOEESBAhQwgUL234MKKTqpYwaeIGTBgxY0iUL276NNqkytawac8IUCBBw4bRN35scDJKjBq0AhVK1CAiBQycP446rbJRrNo4AxZM2CgyJUwcQI88sbJhzBq0AxdO3LBBRYycQJA+2bh17FoMBBhQ4DBiY8wcQZGM4kKGjVyCDClyHKlChs4gSaBa5UqWrZwCDSp0ILFSpg6hSaFc6VKmzdyCDSt2JLlixk4hSqJe7Vq27RwDDix4KMFy5o6hSqNg8WLGDUaDDi16LMmCBs8hS6Ri9WrWDZ0DDy58MCDRkiYPokulZPly5i3dgw8vfjTZokZPIkymZv169k1dQAA7\">\r\n', 'Губка Боб'),
(28, '<img class=\"dd\" src=\"data:image/gif;base64,R0lGODlhEAAQAPcAAOriJ83UI6jEGsfSIungKL7MHtzYJe3iK+3iKevgLO3gJ+vhKc/TJdPXLdPWKrzJOejiKpy/FHmwDavGF/TkI8fVEfDuFvPiGejAK+XMK+3iI83QJKW/FfPlK/XkJunhJ+riLffoKvruJ//qHNDEN7y3kMC9p7+KUufUJMbKO//7Lv/+Kv/yK+ffJ8LPIOTfKOrhKuvgKa+rH2JkQezt//3///////HAqfPmD4WADCEAFZKDKf73Mp/SGHuzF8/TIO3iLvbrKe7lF8jFq/nx8fPv8PXl9tTTLDYIGkQAEEYMFLi2KOrvHejhLOvhKu/lKpuVFayqvgBTXgAtP6nV1cnFDoB6EDoAAi4AAE0bNN/XJezcNOviLPTqKsa5G4WGewBMZAALHqTAyL623OjbF9fYJcfS+GFDO7NkobqrSurOTO3fLOzjKdnPJtrRF8/An77N3q7G3MXHb66kN/PsF/vzF6Osz1w/L7dglKCAaevOSfXrKfvqKPzzBNzQSLqvma+hqPDZC9zPE+3iGvfrD11KZS8BAKhRgpJ/YO7DV+viL+vfLYeBIXl4Tw1qfgBbgI+mtpKSr+jiGfr2Lvv//4p/dst0trSlTevOSurhJ/rvLsbHq//+/wAwPQAHEaPCyNjSG6KTGUkTMCcAAD8EKc3HLuvbLuzhK+reLY6LBaOlqrfIzajJy8TPLEocGEcADT0ABY9/Jv/9J+jgKPPoKrWtGmprSvri5eixX5V5ESwADD8AEqSbK//4Ov/vKLTHHezhL/LmLuriJujgGrKvabzA3c/U/8yidtfOGmZfK6qiJPv3M5rOFoK5DeHbK+nhK+vhK+ngK8/TIvHnKO/hGOvjEOHXD+nDF+a7J+rPNvryJ/fsJ63DFbHJGPrpLOriLOjjKOffLM/TI+ziLO3iLOzfLOriLufiLt7cLcnQSsLLUgAAAAAAAAAAAAAAAAAAAAAAAAAAAAAAAAAAAAAAAAAAAAAAAAAAAAAAAAAAAAAAAAAAAAAAAAAAAAAAAAAAACH/C05FVFNDQVBFMi4wAwEAAAAh+QQFewA2ACwAAAAAEAAQAAAI/wABQAABA4gTLmsWKMp0ygkwaOACRAgRI8iTLmz2LNKEilawaOEESBAhQwgUL234MKKTqpYwaeIGTBgxY0iUL276NNqkytawac8IUCBBw4bRN35scDJKjBq0AhVK1CAiBQycP446rbJRrNo4AxZM2CgyJUwcQI88sbJhzBq0AxdO3LBBRYycQJA+2bh17FoMBBhQ4DBiY8wcQZGM4kKGjVyCDClyHKlChs4gSaBa5UqWrZwCDSp0ILFSpg6hSaFc6VKmzdyCDSt2JLlixk4hSqJe7Vq27RwDDix4KMFy5o6hSqNg8WLGDUaDDi16LMmCBs8hS6Ri9WrWDZ0DDy58MCDRkiYPokulZPly5i3dgw8vfjTZokZPIkymZv169k1dQAA7\">\r\n', 'Губка Боб');

-- --------------------------------------------------------

--
-- Структура таблицы `grs`
--

CREATE TABLE `grs` (
  `id` int(11) NOT NULL,
  `nom` varchar(255) NOT NULL,
  `phote` int(11) NOT NULL,
  `txt` text NOT NULL,
  `usa` int(11) NOT NULL,
  `pep` int(11) NOT NULL,
  `ava` int(11) NOT NULL,
  `svet` int(11) NOT NULL,
  `act` int(11) NOT NULL,
  `pip` int(11) NOT NULL
) ENGINE=InnoDB DEFAULT CHARSET=utf8;

--
-- Дамп данных таблицы `grs`
--

INSERT INTO `grs` (`id`, `nom`, `phote`, `txt`, `usa`, `pep`, `ava`, `svet`, `act`, `pip`) VALUES
(1, 'бык', 1, 'быки', 1, 2, 4, 4, 1, 1),
(2, 'дракон', 2, 'огнедышащее', 2, 4, 1, 1, 1, 3),
(3, 'заяц', 3, 'длинноухое', 2, 5, 9, 4, 2, 4),
(4, 'змея', 4, 'пресмыкающееся', 1, 6, 13, 3, 3, 0),
(5, 'крыса', 5, 'грызун', 2, 7, 15, 5, 3, 1),
(6, 'лошадь', 6, 'парнокопытное', 2, 8, 12, 2, 3, 2),
(7, 'обезьяна', 7, 'примат', 1, 9, 5, 5, 1, 3),
(8, 'овца', 8, 'шестяное', 1, 10, 3, 3, 1, 4),
(9, 'петух', 9, 'кукарекающее', 1, 11, 18, 2, 4, 0),
(10, 'свинья', 10, 'хрюкающее', 3, 12, 14, 4, 3, 1),
(11, 'собака', 11, 'лающее', 1, 13, 10, 5, 2, 2),
(12, 'тигр', 12, 'плотоядное', 1, 14, 7, 2, 2, 3),
(13, 'агути', 13, 'морское', 0, 1, 0, 0, 0, 0),
(14, 'Губка Боб', 28, 'Живет на дне океана.', 0, 3, 0, 0, 0, 2);

-- --------------------------------------------------------

--
-- Структура таблицы `head`
--

CREATE TABLE `head` (
  `id` int(11) NOT NULL,
  `hat` text NOT NULL,
  `code` varchar(1) NOT NULL
) ENGINE=InnoDB DEFAULT CHARSET=utf8;

--
-- Дамп данных таблицы `head`
--

INSERT INTO `head` (`id`, `hat`, `code`) VALUES
(1, '<tr>\r\n				<td rowspan=\"2\" bgcolor=\"#efefff\" class=\"ileft\">\r\n				Скрин\r\n				</td>\r\n				<td colspan=\"2\" class=\"ihead\">Счет рожд.</td>\r\n				<td colspan=\"2\" class=\"ihead\">Месяц и день</td>\r\n				<td rowspan=\"2\" class=\"ihead\">Имена родившихся</td>\r\n				<td rowspan=\"2\" class=\"ihead\">Звание, имя, отчество и фамилия родителей и какого вероисповедания</td>\r\n				<td rowspan=\"2\" class=\"ihead\">Звание, имя, отчество и фамилия восприемников</td>\r\n				</tr>\r\n				<tr>\r\n				<td class=\"ihead\">Муж.</td>\r\n				<td class=\"ihead\">Жен.</td>\r\n				<td class=\"ihead\">Рождение</td>\r\n				<td class=\"ihead\">Крещение<br></td>\r\n				</tr>', 'r'),
(2, '<tr>\r\n				<td bgcolor=\"#efefff\" class=\"ileft\">\r\n				Скрин<br>\r\n				</td>\r\n				<td class=\"ihead\">Счет браков</td>\r\n				<td class=\"ihead\">Месяц и день</td>\r\n				<td class=\"ihead\">Звание, имя, отчество, фамилия и вероисповедание жениха, и которым браком</td>\r\n				<td class=\"ihead\">Лета жениха</td>\r\n				<td class=\"ihead\">Звание, имя, отчество, фамилия и вероисповедание невесты, и которым браком</td>\r\n				<td class=\"ihead\">Лета невесты</td>\r\n				<td class=\"ihead\">Кто был поручителем</td>\r\n</tr>', 'm'),
(3, '<tr>\r\n				<td rowspan=\"2\" bgcolor=\"#efefff\" class=\"ileft\">\r\n				Скрин\r\n				</td>\r\n				<td colspan=\"2\" class=\"ihead\">Счет умерших</td>\r\n				<td colspan=\"2\" class=\"ihead\">Месяц и день</td>\r\n				<td rowspan=\"2\" class=\"ihead\">Звание, имя, отчество и фамилия умершего</td>\r\n				<td colspan=\"2\" class=\"ihead\">Лета умершего</td>\r\n				<td rowspan=\"2\" class=\"ihead\">От чего умер</td>\r\n				</tr>\r\n				<tr>\r\n				<td class=\"ihead\">Муж</td>\r\n				<td class=\"ihead\">Жен</td>\r\n				<td class=\"ihead\">Смерти</td>\r\n				<td class=\"ihead\">Погребения</td>\r\n				<td class=\"ihead\">Муж </td>\r\n				<td class=\"ihead\">Жен<br></td>\r\n</tr>', 'd');

-- --------------------------------------------------------

--
-- Структура таблицы `kok`
--

CREATE TABLE `kok` (
  `id` int(11) NOT NULL,
  `god` varchar(11) NOT NULL,
  `link` varchar(111) NOT NULL,
  `txt` text NOT NULL,
  `fot` varchar(254) NOT NULL,
  `fam` varchar(255) NOT NULL COMMENT 'familysearch.org'
) ENGINE=InnoDB DEFAULT CHARSET=utf8;

--
-- Дамп данных таблицы `kok`
--

INSERT INTO `kok` (`id`, `god`, `link`, `txt`, `fot`, `fam`) VALUES
(1, '1918', 'numr1r', '				<tr>\r\n				<td bgcolor=\"white\" class=\"icenter\">\r\n				<a href=\"sign00.jpg\" target=\"_blank\" style=\"cursor: pointer;\">\r\n						<svg xmlns=\"http://www.w3.org/2000/svg\" width=\"16\" height=\"16\" fill=\"currentColor\" class=\"bi bi-camera-fill\" viewBox=\"0 0 16 16\">\r\n				  <path d=\"M10.5 8.5a2.5 2.5 0 1 1-5 0 2.5 2.5 0 0 1 5 0z\"></path>\r\n				  <path d=\"M2 4a2 2 0 0 0-2 2v6a2 2 0 0 0 2 2h12a2 2 0 0 0 2-2V6a2 2 0 0 0-2-2h-1.172a2 2 0 0 1-1.414-.586l-.828-.828A2 2 0 0 0 9.172 2H6.828a2 2 0 0 0-1.414.586l-.828.828A2 2 0 0 1 3.172 4H2zm.5 2a.5.5 0 1 1 0-1 .5.5 0 0 1 0 1zm9 2.5a3.5 3.5 0 1 1-7 0 3.5 3.5 0 0 1 7 0z\"></path>\r\n				</svg></a><br>\r\n				</td>\r\n				<td>33<br></td><td><br></td><td><b> 8 окт 1890</b></td><td>11<br></td>\r\n				<td><span class=\"a vo\"> <mark>Дракон</mark></span><br></td>\r\n				<td class=\"ileft\">\r\n				Деревни крестьянин<br>\r\n				<mark>Крыс</mark><br>\r\n				и законная жена его<br>\r\n				<mark>Овца</mark><br>\r\n				оба православные<br>\r\n				</td><td class=\"ileft\">\r\n				Деревни крестьянин <mark>Бык</mark><br>\r\n				крестьянская девица <mark>Обезьяна</mark></td></tr>', 'sign00.jpg', ''),
(2, '1918', 'numr2r', '				<tr>\r\n				<td bgcolor=\"white\" class=\"icenter\">\r\n				<a href=\"sign00.jpg\" target=\"_blank\" style=\"cursor: pointer;\">\r\n						<svg xmlns=\"http://www.w3.org/2000/svg\" width=\"16\" height=\"16\" fill=\"currentColor\" class=\"bi bi-camera-fill\" viewBox=\"0 0 16 16\">\r\n				  <path d=\"M10.5 8.5a2.5 2.5 0 1 1-5 0 2.5 2.5 0 0 1 5 0z\"></path>\r\n				  <path d=\"M2 4a2 2 0 0 0-2 2v6a2 2 0 0 0 2 2h12a2 2 0 0 0 2-2V6a2 2 0 0 0-2-2h-1.172a2 2 0 0 1-1.414-.586l-.828-.828A2 2 0 0 0 9.172 2H6.828a2 2 0 0 0-1.414.586l-.828.828A2 2 0 0 1 3.172 4H2zm.5 2a.5.5 0 1 1 0-1 .5.5 0 0 1 0 1zm9 2.5a3.5 3.5 0 1 1-7 0 3.5 3.5 0 0 1 7 0z\"></path>\r\n				</svg></a><br>\r\n				</td>\r\n				<td>33<br></td><td><br></td><td><b> 8 окт 1890</b></td><td>11<br></td>\r\n				<td><span class=\"vo\"><mark>Лошадь</mark></span><br></td>\r\n				<td class=\"ileft\">\r\n				Деревни крестьянин<br>\r\n				<mark>Тигр</mark><br>\r\n				и законная жена его<br>\r\n				<mark>Курица</mark><br>\r\n				оба православные<br>\r\n				</td><td class=\"ileft\">\r\n				Деревни крестьянин <mark>Заяц</mark><br>\r\n				крестьянская девица <mark>Собака</mark></td></tr>', 'sign01.jpg', ''),
(3, '1918', 'numr3m', '				<tr><td bgcolor=\"white\" class=\"icenter\">\r\n				<a href=\"sign00.jpg\" target=\"_blank\" style=\"cursor: pointer;\">\r\n				<svg xmlns=\"http://www.w3.org/2000/svg\" width=\"16\" height=\"16\" fill=\"currentColor\" class=\"bi bi-camera-fill\" viewBox=\"0 0 16 16\">\r\n		  <path d=\"M10.5 8.5a2.5 2.5 0 1 1-5 0 2.5 2.5 0 0 1 5 0z\"/>\r\n		  <path d=\"M2 4a2 2 0 0 0-2 2v6a2 2 0 0 0 2 2h12a2 2 0 0 0 2-2V6a2 2 0 0 0-2-2h-1.172a2 2 0 0 1-1.414-.586l-.828-.828A2 2 0 0 0 9.172 2H6.828a2 2 0 0 0-1.414.586l-.828.828A2 2 0 0 1 3.172 4H2zm.5 2a.5.5 0 1 1 0-1 .5.5 0 0 1 0 1zm9 2.5a3.5 3.5 0 1 1-7 0 3.5 3.5 0 0 1 7 0z\"/>\r\n				</svg></a><br>				\r\n				</td><td>15</td><td><b> 10 нояб 1914</b></td><td class=\"ileft\">\r\n				села крестьянин\r\n				<h4><mark>Драко</mark></h4>\r\n				православного вероисповедания, \r\n				первым браком\r\n				</td><td>\r\n				<h2>18</h2>p.1896</td><td class=\"ileft\">\r\n				временно-проживающая в селе крестьянская девица\r\n				<h4><mark>Лошадь</mark></h4>\r\n				православного вероисповедания, \r\n				первым браком\r\n				</td><td><h2>16</h2>p.1897</td><td class=\"ileft\">\r\n				<strong>по жениху:</strong>\r\n				села крестьяне <mark>Змея</mark><br>\r\n				<mark>Свинья</mark><br>\r\n				<strong>по невесте:</strong>\r\n				села крестьяне <mark>Мышь</mark><br>\r\n				<mark>Курица</mark><br>\r\n				</td></tr>', 'sign02.jpg', ''),
(4, '1918', 'numr4d', '				<tr><td bgcolor=\"white\" class=\"icenter\">\r\n					<a href=\"sign00.jpg\" target=\"_blank\" style=\"cursor: pointer;\">\r\n						<svg xmlns=\"http://www.w3.org/2000/svg\" width=\"16\" height=\"16\" fill=\"currentColor\" class=\"bi bi-camera-fill\" viewBox=\"0 0 16 16\">\r\n				  <path d=\"M10.5 8.5a2.5 2.5 0 1 1-5 0 2.5 2.5 0 0 1 5 0z\"></path>\r\n				  <path d=\"M2 4a2 2 0 0 0-2 2v6a2 2 0 0 0 2 2h12a2 2 0 0 0 2-2V6a2 2 0 0 0-2-2h-1.172a2 2 0 0 1-1.414-.586l-.828-.828A2 2 0 0 0 9.172 2H6.828a2 2 0 0 0-1.414.586l-.828.828A2 2 0 0 1 3.172 4H2zm.5 2a.5.5 0 1 1 0-1 .5.5 0 0 1 0 1zm9 2.5a3.5 3.5 0 1 1-7 0 3.5 3.5 0 0 1 7 0z\"></path>\r\n						</svg>\r\n					</a></td>\r\n				<td></td><td>29</td><td>4 сент 1900</td><td>6</td><td class=\"ileft\">\r\n				д билетного солдата<br>\r\n				<mark>Кролик</mark><br>\r\n				дочь<br>\r\n				<span class=\"vo\"><mark>Курица</mark></span><br>\r\n				</td><td></td><td><span class=\"vo\">1г2м</span></td><td>от коклюша<br><br></td></tr>', 'sign03.jpg', '');

-- --------------------------------------------------------

--
-- Структура таблицы `numr`
--

CREATE TABLE `numr` (
  `id` int(11) NOT NULL,
  `nom` varchar(255) NOT NULL,
  `a` varchar(2) NOT NULL,
  `fot` varchar(255) NOT NULL,
  `type` int(11) NOT NULL
) ENGINE=InnoDB DEFAULT CHARSET=utf8;

--
-- Дамп данных таблицы `numr`
--

INSERT INTO `numr` (`id`, `nom`, `a`, `fot`, `type`) VALUES
(1, 'numr1r', 'r', 'sign00.jpg', 1),
(2, 'numr2r', 'r', 'sign01.jpg', 1),
(3, 'numr3m', 'm', 'sign02.jpg', 2),
(4, 'numr4d', 'd', 'sign03.jpg', 3);

-- --------------------------------------------------------

--
-- Структура таблицы `peps`
--

CREATE TABLE `peps` (
  `id` int(11) NOT NULL,
  `g` int(11) NOT NULL
) ENGINE=InnoDB DEFAULT CHARSET=utf8;

--
-- Дамп данных таблицы `peps`
--

INSERT INTO `peps` (`id`, `g`) VALUES
(1, 13),
(2, 1),
(3, 14),
(4, 2),
(5, 3),
(6, 4),
(7, 5),
(8, 6),
(9, 7),
(10, 8),
(11, 9),
(12, 10),
(13, 11),
(14, 12);

--
-- Индексы сохранённых таблиц
--

--
-- Индексы таблицы `ava`
--
ALTER TABLE `ava`
  ADD PRIMARY KEY (`id`);

--
-- Индексы таблицы `fote`
--
ALTER TABLE `fote`
  ADD PRIMARY KEY (`id`),
  ADD UNIQUE KEY `id` (`id`);

--
-- Индексы таблицы `grs`
--
ALTER TABLE `grs`
  ADD PRIMARY KEY (`id`);

--
-- Индексы таблицы `head`
--
ALTER TABLE `head`
  ADD PRIMARY KEY (`id`);

--
-- Индексы таблицы `kok`
--
ALTER TABLE `kok`
  ADD PRIMARY KEY (`id`);

--
-- Индексы таблицы `numr`
--
ALTER TABLE `numr`
  ADD PRIMARY KEY (`id`);

--
-- Индексы таблицы `peps`
--
ALTER TABLE `peps`
  ADD PRIMARY KEY (`id`);

--
-- AUTO_INCREMENT для сохранённых таблиц
--

--
-- AUTO_INCREMENT для таблицы `ava`
--
ALTER TABLE `ava`
  MODIFY `id` int(11) NOT NULL AUTO_INCREMENT, AUTO_INCREMENT=19;

--
-- AUTO_INCREMENT для таблицы `fote`
--
ALTER TABLE `fote`
  MODIFY `id` int(11) NOT NULL AUTO_INCREMENT, AUTO_INCREMENT=29;

--
-- AUTO_INCREMENT для таблицы `grs`
--
ALTER TABLE `grs`
  MODIFY `id` int(11) NOT NULL AUTO_INCREMENT, AUTO_INCREMENT=15;

--
-- AUTO_INCREMENT для таблицы `head`
--
ALTER TABLE `head`
  MODIFY `id` int(11) NOT NULL AUTO_INCREMENT, AUTO_INCREMENT=4;

--
-- AUTO_INCREMENT для таблицы `kok`
--
ALTER TABLE `kok`
  MODIFY `id` int(11) NOT NULL AUTO_INCREMENT, AUTO_INCREMENT=5;

--
-- AUTO_INCREMENT для таблицы `numr`
--
ALTER TABLE `numr`
  MODIFY `id` int(11) NOT NULL AUTO_INCREMENT, AUTO_INCREMENT=5;

--
-- AUTO_INCREMENT для таблицы `peps`
--
ALTER TABLE `peps`
  MODIFY `id` int(11) NOT NULL AUTO_INCREMENT, AUTO_INCREMENT=15;
COMMIT;

/*!40101 SET CHARACTER_SET_CLIENT=@OLD_CHARACTER_SET_CLIENT */;
/*!40101 SET CHARACTER_SET_RESULTS=@OLD_CHARACTER_SET_RESULTS */;
/*!40101 SET COLLATION_CONNECTION=@OLD_COLLATION_CONNECTION */;
