-- phpMyAdmin SQL Dump
-- version 4.0.10
-- http://www.phpmyadmin.net
--
-- Хост: 127.0.0.1:3306
-- Время создания: Май 23 2023 г., 15:18
-- Версия сервера: 5.5.35-log
-- Версия PHP: 5.3.27

SET SQL_MODE = "NO_AUTO_VALUE_ON_ZERO";
SET time_zone = "+00:00";


/*!40101 SET @OLD_CHARACTER_SET_CLIENT=@@CHARACTER_SET_CLIENT */;
/*!40101 SET @OLD_CHARACTER_SET_RESULTS=@@CHARACTER_SET_RESULTS */;
/*!40101 SET @OLD_COLLATION_CONNECTION=@@COLLATION_CONNECTION */;
/*!40101 SET NAMES utf8 */;

--
-- База данных: `pet2`
--

-- --------------------------------------------------------

--
-- Структура таблицы `ava`
--

CREATE TABLE IF NOT EXISTS `ava` (
  `id` int(11) NOT NULL AUTO_INCREMENT,
  `g` int(11) NOT NULL,
  `link` int(11) NOT NULL,
  `god` varchar(4) NOT NULL,
  `coop` varchar(255) NOT NULL,
  `he` varchar(255) NOT NULL,
  `role` int(11) NOT NULL,
  `svet` int(11) NOT NULL,
  `bj` int(11) NOT NULL,
  PRIMARY KEY (`id`)
) ENGINE=InnoDB  DEFAULT CHARSET=utf8 AUTO_INCREMENT=24 ;

--
-- Дамп данных таблицы `ava`
--

INSERT INTO `ava` (`id`, `g`, `link`, `god`, `coop`, `he`, `role`, `svet`, `bj`) VALUES
(1, 2, 1, '1903', 'Drako', 'Дракон', 1, 1, 0),
(2, 5, 1, '1890', '', 'Крыс', 2, 2, 0),
(3, 8, 1, '1883', '', 'Овца', 2, 3, 0),
(4, 1, 1, '1883', 'Draco', 'Бык', 3, 4, 0),
(5, 7, 1, '1883', '', 'Обезьяна', 3, 5, 0),
(6, 6, 2, '1884', '', 'Horse', 1, 1, 0),
(7, 12, 2, '1908', '', 'tiger', 2, 2, 0),
(8, 9, 2, '1899', '', 'cock', 2, 3, 0),
(9, 3, 2, '1883', '', 'haer', 3, 4, 0),
(10, 11, 2, '1884', '', 'dog', 3, 5, 0),
(11, 2, 3, '1897', '', 'Драко', 4, 1, 0),
(12, 6, 3, '1883', '', 'Лошадь', 4, 2, 0),
(13, 4, 3, '1883', '', 'Змея', 6, 3, 0),
(14, 10, 3, '1905', '', 'Свинья', 6, 4, 0),
(15, 5, 3, '1883', '', 'Шушара', 6, 5, 0),
(16, 9, 3, '1903', '', 'Кочет', 6, 6, 0),
(17, 3, 4, '1885', '', 'rubbit', 8, 1, 0),
(18, 9, 4, '1883', '', 'chiken', 7, 2, 0),
(19, 17, 5, '', '', 'Дядя Фёдор', 1, 1, 0),
(20, 18, 5, '', '', 'пёс Шарик', 2, 3, 0),
(21, 15, 5, '', '', 'Матроскин', 2, 2, 0),
(22, 4, 5, '', '', 'Змеюка подколодная', 3, 5, 0),
(23, 16, 5, '', '', 'Почтальон', 3, 4, 0);

-- --------------------------------------------------------

--
-- Структура таблицы `fote`
--

CREATE TABLE IF NOT EXISTS `fote` (
  `id` int(11) NOT NULL AUTO_INCREMENT,
  `img` text NOT NULL,
  `who` varchar(255) NOT NULL,
  PRIMARY KEY (`id`),
  UNIQUE KEY `id` (`id`)
) ENGINE=InnoDB  DEFAULT CHARSET=utf8 AUTO_INCREMENT=34 ;

--
-- Дамп данных таблицы `fote`
--

INSERT INTO `fote` (`id`, `img`, `who`) VALUES
(1, '<img class="dd" src="data:image/gif;base64,R0lGODlhEAAQAOYAAP////b29mRkZFdXV/Ly8vj///n///v///r//wAAANfX1/r7+/X19e7T095bW9xRUf/c2gACAtPS0vj4+PT09OzCwMkAANMAAMsAAO4AAGM5OAoUFPb19NQpKOvIx/vX1fMAAKVPTwABAQEAAC4uLvPz8+m1tfz//0UaGgknJwYQEBQUFAICAhMTE6CgoPf7+/f+/vv6+szR0RUaGhkVFRoZGRYWFgsLCyMjI1BQUObm5v7+/h4eHhcXFxcYGBgYGBUVFQoKCgwMDLy8vOvr6xkXFxISEg0NDQkJCTExMcLCwvf8/Pv7+8zZ2QoaGhQTExoaGgMDAz4+PoCAgIqKiurDwtpmZaAgHis5OQAJCQkKCkdHR9tZWeBsbPb//+d3d/UAAK1GRhUTE2VkZI+Pj/Tu7swAAPAAADEuLu3Pzu2/vs/Pz/f9/fj9/enp6fr6+nd3d5aWlgAAAAAAAAAAAAAAAAAAAAAAAAAAAAAAAAAAAAAAAAAAAAAAAAAAAAAAACH/C05FVFNDQVBFMi4wAwEAAAAh+QQFewAAACwAAAAAEAAQAAAH14AAggEcHgGHAVWHgowIFR0mL4dLVlxlBowFDRYeCDAMDAYIXWYGbAABBg4XCAgxrUwIXhZpMIcHDxgfJzI7RE0IXxhqbYcIEBkgKAnMCVdgZ60BAgkRGiEpMzw8TlhhaMxwA8wbIio0PUVPWWLNcQQKEggjKzU+P1BaYwhrbocLExCQYGGjRw8jCcggCPDmEAMKCEq0uPHjR5QtrSggCsAgAAIXCX4gjPVwI8dWCYAckYIAFCJUASgwQIAjCJIpLV8OOplDSBIqCDQGYLQzgI4hSgjoBBAIADs=">\r\n', 'bull'),
(2, '<img class="dd" src="data:image/gif;base64,R0lGODlhEAAQAPcAAP7+/vPe3e26uu+3uPjt6/79/vr//+rBwOqPk+EQF+VkaPjx8Oe2uP78+f39/f7//+ORkecAAevFxPHIyfjz8P3+/u2oq+0AAOE5QO6TlN99fvPm5v3///LP0PPIyPz//+NkZuY7QeE8Q+WNju2wsPXr6vX9+95eY+JUVeNwdegABd01OeeZney0tu2foe7e3/CWmfj//+kzN+wCCesIE+wAAOacnPCBhe7Bv+m0tuUHDPXU1fK+vvHDxO2Sldk5PuYDDOlVXOzV1eNWWttOVOgJEemAgeVkaeRSU+dUWeNaXeMlLPLg4edCRuwfI+SWlfb29OQYH+NKVOZMUeZBReVcX+tWXOs3PvXX2e3v7vX//+3//+AuNeQhJ+cRF+ImLNo6P+mdn91IRelCRuZKTeMCCeMMFPn9/PDOzd4+Qd51eeiBg+pUWeZnaeh8ftx3eemVmONSVuihovn//+p+gOFJTttrbt1CSOIyNuFESuEzOOeFiedQVuA3O/ne3/39/P79/fX19d6MjelGT+NdYeirruNARuKNj+ZpbeFnaPTS1v39/vT08+q6u9R6feM9Qe+ytOYyNuMzOOJeXuMpMOZESP/+/efCxNdQVdZPT+Rmaed6femUl+liZ/n6+eZVW/j8++yVmOAIDvb6+e7Q0eNjZ+Jvc+VgZeZrbuyiovz8+/nw8Pr29ehGS++foepCR+6EiPjm5gAAAAAAAAAAAAAAAAAAAAAAAAAAAAAAAAAAAAAAAAAAAAAAAAAAAAAAAAAAAAAAAAAAAAAAAAAAAAAAAAAAAAAAAAAAAAAAAAAAAAAAAAAAAAAAAAAAAAAAAAAAAAAAAAAAAAAAAAAAAAAAAAAAAAAAAAAAAAAAAAAAAAAAAAAAAAAAAAAAAAAAAAAAAAAAAAAAAAAAAAAAAAAAAAAAAAAAAAAAAAAAAAAAAAAAAAAAAAAAAAAAAAAAAAAAAAAAAAAAAAAAAAAAAAAAAAAAAAAAAAAAAAAAAAAAAAAAAAAAAAAAAAAAAAAAACH/C05FVFNDQVBFMi4wAwEAAAAh+QQEewABACwAAAAAEAAQAAAI+QABCBwIgIeSLGjoBGJ0iRRBgQZ6LNGSps6HRphKETTA0QeTLWrsCHKUydRAAxxMxPjRhMuaO4MeaTol0IGBDidkAHHShQ0eQpA2oQLA0YAHFDOCPPHSJk+hSJxSBTjwwMCHFDSEQPniRo8hSZ1UCUAAwQIIFTWGRAHzZs+hSZ5WDUgQ4UKIFTaISAkDhw8iSp9YEVAgAYMIFhyniInTJ1ElUK0KcMwwosWNIlTGfPCjyEAoVwAWTNBAwgUOI1XIcKwq6hUABhQ2lHiR44iVMnL+2BwFC0CDojB0ILliZo4BAJYexALgoILNGDuSYDljANAiQA8eatceEAA7">\r\n', 'drago'),
(3, '<img class="dd" src="data:image/gif;base64,R0lGODlhEAAQANUAAP////T09PX19VFRUQAAAHNzc/r///Pz88fHxxsbG/r6+j09Pfz8/JmZmRISEkZGRvHx8UJCQoWFhXd3d5aWlqOjo0FBQTIyMnt7e9jY2BYWFqWlpcHBwVJSUisrKwYGBo6OjmxsbCUlJfb29kBAQB0dHZCQkPf392BgYICAgIaGhv39/Zqamnp6egEBAZeXl0xMTNLS0t7e3gcHB4+Pj3Z2dra2tjAwMNHR0cbGxmVlZVpaWu/v7/n5+f7+/gAAACH/C05FVFNDQVBFMi4wAwEAAAAh+QQFewAAACwAAAAAEAAQAAAGnkDAACEoGo2ymw4QIBAWEIPBaFjNCLtiwUmQSEcnA8xZKBoS3Iu0yt2YFWinR8ri8ooBAyPCJRlaTg5TAgd5BhAYHwQogAQ4gwKGBhkgJQQuBDEGPVQGEgQaXE40BidFBwYNBBQGiqIjPqcGDqK1NiuyD7WiOYOoBhO7TgwKp5IbtTUGAUYBqBUcIQYpGxQ2BgcCAEcWHSImKi8xRgBBADs=">\r\n', 'hear'),
(4, '<img class="dd" src="data:image/gif;base64,R0lGODlhEAAQAPcAAAAAAAEAAAIBAhgsMRlDVx1FRj9OOyAjIS5cbhlHWRZNXSZUV1JlRy42IgQIBg0fHDV0jQpWYkhuX1thQlBmayVkgRVVZiRfbUV0bHB1TRIRCQwfHAsDADSWqx10d3F1WFRPPGCEiR91jRCPmyF5fFSGd2dwRAcGBBEoJCUeHRyHnzqZk2tiRg9+ol+OmjCRmzCkpyGWjnOdeVlfOxAQCw8wLCQqLAyEpVOwq01OPQCWy0d6gyieo1Gso0mKg5Gde0xXMgAAChEgFhI7OQEBAh8qMUtlXRp1g3m8rExaUxmo0U1ubx3H0yDT1iKtsoKtlz9LKgQFDxgvIhZGRigxMmyLlleCjUhxa26Ld1BkXR+QsEx0eFKyulGuolOZm6a+oURUNAcKDh85MRVZWTJBQHGgri9cbVuPiHx7YWZ4dxiGp0N2fzzG3Ua1uVOrt6W+qD9SNQAEBx9EQBllbTdBQKG/xjBvc2+hfm5qP1x3bBuDrlR7hTbJ2TfT3UmxvqK8qkRZPgQLCh9PVR9rcSMmJ6/M0DiAj2/Fsm1xSmR8axV5q01vex2gukC4y0vN1qjEsllmUAoUFBlYXhpZXgMDBZHH0iFdd4Ty/H+QeFBcXDmGqlRnYiGUuDevyV7c3bTVymBvWwYVGCBgXy5PQwEDAmuFhlWJlJ7n5xwZFWp/gj11l0NRPyJ5lRimxmDX4Ljc0W1/YgQaGTuDgz50coipsUGPpjdELjJWYRWNpE/AybHUx4WRcgILDEykulCDkRgQDGaYoi94hzE/MBUdHxpwf0WhrKnPvKOlfGOUnE9ydzw7PU+Qoyp/iFl8YwYAABhNTimLkYG8saOrhDhIQE9gWAEBAUZgZTp9jECIjnOWiEVaVyVTXjyGinunlYeTbh8cEwYFBlNINAAAAAAAAAAAAAAAAAAAAAAAAAAAAAAAAAAAAAAAAAAAAAAAAAAAAAAAAAAAAAAAAAAAAAAAAAAAAAAAAAAAAAAAAAAAAAAAAAAAAAAAAAAAAAAAAAAAAAAAACH/C05FVFNDQVBFMi4wAwEAAAAh+QQEewABACwAAAAAEAAQAAAI/wABCBRIhAoZOoQokQowkOHAIlXK1ClUqdRAAAIAcEhhw4gVM3YMWTJ1cQCEDipuHLly5s6hS6cGViMQwcMKHEiwoMGDCBMqAL+UWSsg4QOLHEmypMmTKFMqWsCWXTMwAUQLHUq0qNGjSJOqWsGYYTtAIYSLHUu2rNmzaNMqW8KaZUNQQcQLHky4sOHDiBOrW8OcaUtgYQSMHk26tOnTqFMrXMSebVNwgUQMH068uPHjyJOrXMWgcVuAoYSMH0++vPnz6NMrXcaidWOQwcQMIFDAwAEECRSsXcekeWugQWCQKGHiBIoUKhYvAAG+OQBwgoYQKWLkCJIkSlYvZNPAPRPYgKLGkClj5gyaNGqWr2TUwgUEADs=">\r\n', 'snake'),
(5, '<img class="dd" src="data:image/gif;base64,R0lGODlhEAAQAPcAAAsIDgwIDwsIDw4LEg0MEgUECgQECgIFCg8JCz4uLl5AQi4dIBAIDAwEBw4FCAkGDQcECwkFDREOFRkWHRwcISIhJxAPFgEAAD8uMX9paPDT44N0fBIODgMAAAcFCwUDCgQCCQMABwAAAgEABxUVG11SVrasqY2EeHltZlROTEtHSgkAAw4GCQkGCgAAAAYHChASEwUJBgkIDSYjJWNdX3xvaaKXkmxhXXdubHt6epWXljQtLxIMDjcrLC8lIh0MDg4MFERCSWFeYYJ7fn9zbK2inq2hnKacmp6bm5GSkSQcHxQOEJSEg////6+ioiEdIUhPWVhaX2VhZl5VWIuAfHpubD8yL0lBQEdEQl9fXxYNEBgTFQkEB2VZVFtbYDU+Qml6f3J9fXBwc3dqb3FobIqChlhOUiwuMlNUV0lKTjIuMR0bHQYEBxAKDV1hZD9ITHGDiVVWWnp6fElDRFhWWnh1eURITElMUFdZXQgEBxEOESQkKRQXHkRMTjZER2d7gSwrMGVlaJWTl4KHiq+zucnP04aNk3d+hFpeYyQfIw0LDTU5PlReZktSWRYeJ11qckNISldWVXd6hV9gZlZXXKGjqKqvs4SFhkpHRisiIBYSFDs+Q1tkbEVPUxAGBykdGWJkaW5udHdze6qpr7e5voqIizYxMisjIhcSFDE1OiUuNRsmK05GSdrExP/n6K1/eo15eLi+xX14f56dpKWiqYF8f0M+PzsyMx0YGicvNDxBSjQwMNGvr9GVl9hobNVFTvObnquhoK6qp5+XnmdgYDgwMEE1Ng4ICkFJTk5TXH1nXaNzZoxHPMF6Y8yIeo92cTYtKSsaFmJZUn95f2dhYUhDQVhUTh4WFjpBRTA2PX1mYMysorCJfKx7ZXZTRDMuKCAWFzsyMWxnZHVuc3JscYiIhHd1bjowLjY6Pjk6PVpUVJeLiqSUkZOJhWphX2lgYG9maH55eZyamo6MjoB9gWlnYlVNRj8sJQAAAAAAAAAAAAAAAAAAAAAAAAAAAAAAACH/C05FVFNDQVBFMi4wAwEAAAAh+QQFewBNACwAAAAAEAAQAAAI/wABPHjQogcTLmz2LNqUKhcybOgAQPDgwkeTLm34MOKkSleybOkCRPjw4ocTL276NOq0apcybeoESAABw8WTL2/8OHLBiteybesGTAgRAwgUMHD+PHLRqhczbuwIUBAhI0iUMHEAQfLkylezbu0KVBgxQ4gUMXICRfr06pczb+4MWCBBY8iUMXMESQIFC9izb+8OXChRgwgVMi4GTQoVqwk0cPAQYDBho0iVMnQIURIlK1i0cPESZDhxw4gVM3UKVRo1S5g0cfIUaECB48iVM3YMWSJFa9i0cfMWbEiRAwkWNHcOXSpVixg1cvQYcFChI0mWNHgQYTJlq1i1cvUadCRYsUOJFjV5EmU6dcuYNXP2HDhgwWPJljV6FGlChevYtXP3BAQAOw==">\r\n', 'rat'),
(6, '<img class="dd" src="data:image/gif;base64,R0lGODlhEAAQAPcAAKqXl7CenrWjoLimoJN3YpJyVqmXjMGxqsCvqLyrpLeknaGQiMzKzefr7u3x9PH0+LKhocGzs8u6uWpcUkEoDnU/DLaknMu5s8e2rsWyrMOup5iEeuLk6fH2+e/z9fL1+Lenp459eHZWPl5BJnNJJF4zENvR0tPDvdG9ts25s824saqVjePm6vX4/fD1+PT1+bqsq3NpaVAtD4FWLJpnOIlXKNO8sNjLydbIxc+8tcq2rbOfk+js7e3u8Pf3+fb3+cCxsZWOkBUCAIFWMn1PK39NHaVvPsaeft3T09bP0s/CvdDCvPn9/+Xl6PLz9cKzssS5vAAAAEwwF4ZVLmg+G5JcMrp4O8SES+PMvNnOzcm6tP3//+7u8ePk5sSxruDMyHBnZSsiHXJDGm9KLWlGL4VaMr55QcqRV93Cqruuo////+Pl6/f4+sWyrtbFv+PU0q6jojQhGGFJOJ10U8aNWd2cYsaDQcB5Om06CywZC0QzJcSyrs27t9nGw/Di3JN7bpFpR7yJYuCkb+Gkbdixi+bd39rQyfP2+PX298KwrMu7t9HAvOrWzaSMhXNTOZ90U7iFWOCiZ+eyftTGw823qce2r+7y9eTj5fP09rejnLqlm7OWh8GchW1MOWlEK5tuTbR/UtCQVuaxeLymnrKZjZt/cerv8+jo6vX2+LWgm7umosSwq9vIv1lBMIZgP6N1TruFVc2OWuu9jquQjK6Sh5F2aenu8uvr7PT197KfmbejoL+sps27tE0sEYlhPYlcOJ9uQNqhbNa2l6eOibCZj62cks3R1vP0966blbGemrijn7qmnl82F5hvSat4UM2aad+5lqyQendYOoBhSEw4I+jo7PL0+KuWka+clrekm8Ovqm1HKX1QKaFrPLd+SryETrB8R21NMHVhWJ2Mh+Tm6qWSjKqYkrCclLOdlrGakZh6Zpl0WKeBZKCBaJh1WXlXO2NJNUM3LjUzNdXY3O3w9QAAAAAAAAAAAAAAAAAAAAAAAAAAAAAAAAAAAAAAAAAAACH/C05FVFNDQVBFMi4wAwEAAAAh+QQFewBqACwAAAAAEAAQAAAI/wABQAABA8gTL232JMqUKheya+UCRAgRIwiUL274KNKkSlcybOYESBAhQ0gUMG/6LNq0apeybOcGTBgxY4iUMHD8MOLEitcybegIUCBBg8gUMXH+NOrUqhezbekKVChRowiVMXIAOfLkylczbuoMWDBhw0gVMnMCPfr06pezbusOXDhx44iVMnQEQQIFC9gzb+wQYECBA8kVM3UGRQoVKxi0b+0SZEiRIwmWM3YISRIlS1g0cO4UaFChQ0kWNHcKTRo1a5i0cO8WbFixY4mWNHgMUSJFi9g0cfAYcGDBg8kWNXnUVCpVqxi1cfEadGjRowkXNXrUWDJly1gUcvIceCNw4cNJlzVRDl06dUtNNTXzHnx48aM+GyeIMKHCdcyaJXoBAQA7">\r\n', 'horse'),
(7, '<img class="dd" src="data:image/gif;base64,R0lGODlhEAAQAPcAAMiqbMapa8WucMu+g7qtd5qBWaaQZ6WTaG1gMllKJGBSJl1OIGlYIlZFGFtPIoaBRceqbMSmaMitca2YX4t2Q4tqQqmQZaSOal5PKJaARndSG3ZXKrqfTsqrXks/Gn14Pcutb8qqbdS9e7OaUWlSGIlzMpWEPpOIRtLOgOPVg1w5BigOAFU+FLKTS1lRIYeASc2tcMqpbdPBfa6fTKKURsW2adLKf8zDe/PypfXslY97NSgYAIFlNIRnIH94MmpiMMuucMGkZuDXhIqBNmVVI4x8ONjShpeNQuXhkODKddS8Y3RbJIxoKoduJKaYOoJ3MM25fpF4RtzXjbutTqeRSNTIeu7nm8zDevTzmdjEcMqzX3haJXpcHolvK6SMLZCAMLqudbOoa+jgiZJ+Llw/ELSkXuDVkebYivDrjNC+YLmjUHNWHIVnJJJ3KZeCJXtoJ5mPWYp9Q9jJdHRfJV9LIJJ9PLeucNXEftPAccmwXJJ3LotuK3ZaE3xkH3hmH1dFFop/SoB4QtbMdpSCMXRhJLypaKacXrKoXZyHQXxnJmtYGXpjH2VMElU/Ekw3EEw8F4d/SXluQauhaLCiVJSHPLKkZZWGRJWGOntlJ3RfJHNdJmlTIU08FTksFjgtElBCFqCaXYN0QX53RndtP3pmLXFdJHxmKWhRHEw1EVM/EVNAFkYzFzcpEy4mDjcqDkk3Ebq4fIBwQ3ttSFdSNkU8I0U8IWNbP1VPL0Q/JEM4I0E2IjktGDMqEzQpEDwuEUMyE6KpaXNrN3dlMnhlMlhNLkU5HEY2HUc5GkI0GD8yGDgpES0eDC4dCjUmDDgqEEAxFp2lZ6SmaM6ybUgoBzwnC0Q0EGBOFVxFEUgwCywgEUE2FXdqNLGhULepUZGGQ398QmxoLZh8RiENAEcwEVM8FmpSHG5OFIJkIUg2HWdYKndrNoN2Q4yBSmphN1lOJdbZldbbk6WSVkcwDlQ7F25TInFYGolqI2pWKF1QK2BUL2hgOW9mP2VeNlZMKUs9IgAAACH/C05FVFNDQVBFMi4wAwEAAAAh+QQEewABACwAAAAAEAAQAAAI/wABQAABAwgUMHAAQQIFCxi0b+8CRAgRI0iUMHECRQoVK1g0cPAESBAhQ4gUMXIESRIlS5i0cPEGTBgxY8iUMXMGTRo1a9g0cfIIUCBBgwgVMnQIUSJFixi1cfMKVChRo0iVMnUKVSpVq1g1cvQMWDBhw4gVM3YMWTJly5i1cvUOXDhx48iVM3cOXTp169g1c/YQYECBAwkWNHgQYUKFCxm2c/cSZEiRI0mWNHkSZUqVK1k2dPgUaFChQ4kWNXoUaVKlS5m2dPkWbFixY8mWNXsWbVq1a9k2dfoYcGDBgwkXNnwYcWLFixm3dfsadGjRo0mXNn0adWrVq1k3dvwceCRw4cOJFzd+HHly5cuZt3b9Hnx48ePJlzd/Hn169euZAnf+BAQAOw==">\r\n', 'manky'),
(8, '<img class="dd" src="data:image/gif;base64,R0lGODlhEAAQAPcAADWFrSaGuB6DuyR9tTZ1qG2Bc296cER6mS+HtDCIuTaJuDKJvCuKwwZ9sQJ8sAh7sjCGvCqOwEGCm01VU4VsSmhyZx15shWK0jiJtT17qj2HtkCazzqj4gR9yQ1vpRpmjDCEsjxFZigNDAAAAGRzZ4iAfgZakzqKsomEew0MDztKUxw0QQAJFAQAAI9UQXxfUz5/qk45L2IrBiwaCEtMR1w2LkMpB7CPaciijouCeXl1cwMAAE05MIBpU6CFepF1ajOEukg/Q5I/EaFhLq6SeKCBb1xAKbGPdZx/ajgxKRUZGighHZp5YKR6V59/a5V6bzSGsjJ4pjJHW1w+N2lKPG9SQmxRP3VYRVEwHzocE11CPIVfU0cYAYpoW4BraH1qYzqDuyKL1BuW20ZlaHJXQVE7KGVOQGBMQigfGnl0a6SWhI97ZmZROn9aT3FMOnFRPjGGuiaKwCmLyU47I39iPoBsV2ZSSCcPC19GPY9cQYJNLmtFMGJFN2hAKm9JNC2JtiSPwT9rjFwWAHBKJTkrHUkxIk0mGiSEsz6UwUiWukeUuEiZw0lxhaFtY4VnUTGHvCSRyDRaZ3MyBolbKRYlLkNbamJVWBuXyDGLvS+KvjKKvzaQyiVznoNcUoJlTzCIvCqPwCxdZ4lHAY9mK0svG5mKa3N+iyeVxjSJtjKJujiLvTmPxyGLxkJKSYZqYC2MwTN7p4ZQHpN8QTE3Sjt+kx6HzySPxDOKuzKKuTiMvTeOwzCSwQkAAEQ1NTCItiyJxCx/w2hLOaZ0Ip1nSU5TNxJsnhuBsx6AuCd/sCmBtC2NxFCavYBETCkhIyiIux+IwiiHvjZ6oXVvULiPXsuPTNOicMSjgNSqg9uofnWDhjKTykWOtX1BIYNdUC6FuSaFwSyHxC6CvSiCsz57lWt8eZ2djq6xppelpmaJnDiCrSWPzDyTzHBgbX5ZPC+DuSqDvCiFviqHwR6IwyeGuTGEsTSFsjaGtzWIvTCLwjOLvzyLujqMwCt9oWljYQAAAAAAACH/C05FVFNDQVBFMi4wAwEAAAAh+QQEewABACwAAAAAEAAQAAAI/wABQAABAwgUMHD+PPqUwJczb+4CRAgRI0iUMHEAQQL16tezb+8ESBAhQ4gUMXICRQoFCxg0cPAGTBgxY8iUMXMESRIVK1i0cPEIUCBBgwgVMnQGTRolS5g0cfIKVChRo0iVMnUIUSI1a9i0cfMMWDBhw4gVM3YKVSpFixg1cvQOXDhx48iVM3cMWTJVq1i1cvUQYECBAwkWNCMOXTply5g1c/YSZEiRI0mWNHgQYUJ169i1c/cUaFChQ4kWNXkSZUqFCxk2dPgWbFixY8mWNXoUaVKVK1m2dPkYcGDBgwkXNnsWbVqlS5k2dfoadGjRo0mXNnwYcWK1a9m2dfsceCRw4cOJFzd9GnVqxYsZN3b8Hnx48ePJlzd+HHly1atZt3b9BAQAOw==">\r\n', 'ship'),
(9, '<img class="dd" src="data:image/gif;base64,R0lGODlhEAAQAPcAABAoJRgwMCVAPCdGPC5LQEhmVklpV0JeU0NXTk9bUVlbVWRhW3lxaJaFf658m7xhYA0hIRMqLiJBPiJFOitKOk9uWVt1YlNnYEpYTlBdTlJeTk1aUltjYIaAeKV4r7hfXwcYGggZHRUuLhgzMRcwKCpEODZOPTlOQ0FMREBKQFBcTUtjWVJpabGTj6BlmrBWTgQQFAgXGxEoJw8oKRYrLRwxLxkyJBMoHSs2NUZQUU5ZXEdbXpyWj+mgdnIyTYRDTAENEQgZGwsfIAkdHRMpJxctLhkxKxMnHR4rLiFAQylDSI9/gf/Omv+3S6FPRno2TgIQEwkeHgcYGwQWGAgdGwsgHg8pIgAgFgAWGkZEUs+Wf//LmffQetSYR3wgL2IbJgQREgscHAcXFwUVFQkZGwAaFQAcGh0mKbBpWfiJaPicUvC2ZO+6ZvO4UMxcInAoLgMQEQAPDQALCAAMCwAWFAATE2AzLd5jUPNuOORzKOOTLd+zTOe0Wt6aObI3DHMiGAQMD0YtQ34zU0UaIwAUEY9UYsRQS8ZJM8pOKc5fJN6HMOetUdqeS9iMMMdcHW8kGhsaHepkjf9ji+ZJYxceFdFRVJ0vG6QuGrs+JcVPGtF4I92bO9uYQNmQLMNiHGojFwYTD2ApOv9djdxQb3EtIeiBl5tIVoIjFKc0HcJLIc9xKdWGLc5yIM9oHbU8EWwkHAMTDw8RDfBXfOZcg5VBTNJghNFSfKYtMsNOGNtvGOKKKst6HMdZE8FFDJYzGV0vNzAaIrA8Wv9ci/9jlsMtSbsyQNYpP/E9ZrZIXalONMtSM8M8KrArHqEtMWMkPWA/VgUMCzofI640Rv9pm/ZKcMJybuZUdaZCWQAECwAAAAAHCQgZIjtDWYB1iJ+IhgQCBAADBkEkIRwQDRAwKwAAAgAABgYFCRITFkk/S5qDgbKejAEDBAMCBQIMDgslGQ8nGQogGBErIREsHwshEwkVDwYJDQcHDhcYHk9ETZaFgLillQAAAAAAAAAAAAAAAAAAACH/C05FVFNDQVBFMi4wAwEAAAAh+QQEewABACwAAAAAEAAQAAAI/wABQAABAwgUMHAAQQIFCxi0b+sCRAgRI0iUMHECRQoVK1i0bOwESBAhQ4gUMXIESRIlS5g0cO0GTBgxY8iUMXMGTRo1a9i0cO4IUCBBgwgVMnQIUSJFixg1ce8KVChRo0iVMnUKVSpVq1i1cfAMWDBhw4gVM3YMWTJly5i1bPEOXDhx48iVM3cOXTp169i1bPIQYECBAwkWNHgQYUKFCxm2bPMSZEiRI0mWNHkSZUqVK1k2cvQUaFChQ4kWNXoUaVKlS1m2cvUWbFixY8mWNXsWbVq1a5k2c/YYcGDBgwkXNnwYcWLFi9m2c/cadGjRo0mXNn0adWrVqxk3dPgceCRw4cOJFzd+HHly5ctZt3T5Hnx48ePJlzd/Hn169euZN3X6BAQAOw==">\r\n', 'cock'),
(10, '<img class="dd" src="data:image/gif;base64,R0lGODlhEAAQAPcAAP7+/vb29vb19vX29vT29dPEw65pbMeMk7F2dWk+KGBAIV47IUwtF/T09OrVxMehiNm6q9+3ocihhOzRwJhSRwAAAIlbZNSapF4lH29IIHtKJFk4HPX3+fj7+cKLYHckAHwnEFsUANiIdbRZTa9lVc15aYY/KBsAABIIAGw/Dl81D/v///3/+dKOU3k4ClUnCt6PeadMRoxDJ+KQls93d1ccDQEAAB0IAi0PA/f3+Pn///vx5L1rOIU4DtqBWZc4NUExQtKSnlcaFgQAAhIGABQEAff4+ufFssh7UtSjff+4q6VNXNmJp7pobSwGACIOBSALBBoHAvf4+P7//9Waf8R6Uq5+T9mlXdSZb8aEbnM2FjYPADYVBC8UAyYNA/f5+/b2+JxJLLt7WsGATrh2OdeRTrhxMIxPFFkuEDsWB0UeCSsNA/X7+ufc2p9NNr99VcV1OLVnJs6AOcaBO5VWF3JBEz8YB0gcCywOBff5+vHs7sFmQrxuOrxpM41QLqVZGJBJE3w6C2UxEU8fCzcQBhcEBfj6+/r//9mbfahaJ6lZJ1MmJI1TMlsqD1smCUsZB08cBkETBhsEBfb3+LJ5SkAWAE4gBVQhA1klCXY8DV0qCE8eCUcaB0MaDTIVDPP29/rz5ZldMF4bADkMACgKCUAXCC4OA2EqB00cAkkWBU0cC0UdEjwaDPz///736WYmDB4AAA8AAB8AAiQAA04bB0IZCHJAFEAfB0onDjgcCzwkFGA9JaNuTzwAAEYCBFAOCGEUCVwYBm0sDlolDJFqLEItFGRCLDskFEwvElk2GfDn33s7HW4oFHgwG4E3G3syF3k1GHtJLmlII1s9GUsuFl09HUcpFEcnEk4uFgAAAAAAAAAAAAAAAAAAAAAAAAAAAAAAAAAAAAAAAAAAAAAAAAAAAAAAAAAAAAAAAAAAAAAAAAAAAAAAAAAAAAAAAAAAAAAAAAAAAAAAAAAAAAAAAAAAAAAAAAAAAAAAAAAAAAAAAAAAAAAAAAAAAAAAAAAAACH/C05FVFNDQVBFMi4wAwEAAAAh+QQEewABACwAAAAAEAAQAAAI/wABCBxIsCCAAA04NFjIkOGnVoeUBXDQYUWOABgzTjrkiteyAA88sNBhRMoXNnkMHQL1qhczARA+tNixYgqYNnoOHQoFy1ezABFAuOBxhEoYN3sQURIV65ezARJCvOiBpIqYN3wSVRolC9gzAhNEwPCRxMoYOH0UWSI1Kxi0AhRGxPih5AqZOH4WXSpFS1g0AxVIyKiwBEsZOX8YYTJVa5i0AxZKzADCJIuZOYAaZTpli9g0BBdM0AjSRMsZOoEcaUJ1qxi1BBhO1BDiZAuaOoIebUqFy1g1BRlQ2BjyhEsaO4MgcVKV65i1BRpS3CACpYuaO4QidVqlC9k1BhtU4A8oEsXLGjyFJHlitSsZtoAAOw==">\r\n', 'pig'),
(11, '<img class="dd" src="data:image/gif;base64,R0lGODlhEAAQAPcAADZFPDlEPUBKQUFMPz1KPDdGOjVFOzRKOzJHOitBNyM/NiA6Mx09NCNFOStIPzZUSExiUkZjUkBbRTJJMy1ELChFLydJNC9UOCJNNiFBNyo8KmNeTH5hTZx+ZpqOf357blduWmFyXZiIeq6Tiqyal6+qpYyTj3uCfj1PQXd1ZNmtmsyThMWShJxyZ5tmVaOBc09qVLi0o//q683K1LewvtDCzd3X8Pr//9evn4lfTrqZlNTIy9vl8dzv/s3e76unqlZpXFluYtbWyfPc1eLDw6WHh5mEktKmhpZHLVkyFZGKg8HAxdve6ebo6tbf4dDZ3l1tXlJmW11qX6edi+/Bre6vjMR/XZpXM2guFNGpic7U0rC+xLvEzu3r8sfL0NLV22FwY2JzZV5uZFNiVbOzq//hx9iegKuPigQAAJZwXL3D2lJgbgUNFbu7xsXU2NbU3GVuZmZyaGFuY1BgUj9lWP/w3O/bw+X08mxGPv/16LTH3Y2WoT8qOIxmf36LjMXFy2ZpZGltaV5iXVlZUjxHRv/WzuajjvjSxufYz9bn/wAAABAAAL15lzs7PMbIy3JxbW5qa1pXXUlLVExSVv/fyeq+oPK1hc6GYSktO2hlbGFGVPjO4sDBwd3f4Hp/eG9wbl9VVFVFR8ailP/auPHezd/TzQsAAPDKyPf8//35/1FGTvLw89XZ2uXk5n+GfnF3b6KZjtjBs/fJsfnJq/HOvfnZuL6Rbf/kzvDz9+ry9tfb4P3+/+jp6+rp64uMhLa0rfTx9+bf5N7Q0dzKzfPcy/GsgrRvS+XSy+ro5+7t9fDv/Ojw9u7n45KVjpKUje7l4Prq5/zu7f///f3///Lo18G4s+fd2vTi2f/y5/jg0OzDpezJrJiYkI2Ph4yKg4WBe3ZvbWZiYV9cX3BrbGtzZWR0ZmRwZlxeUI6IcurVufrZw/DezaelnaamnqGkm5uelZeWkZGPjYmFhoeDgYeMh4qLgoaIf3+CeXp9dW9wamZiZHp8egAAAAAAAAAAAAAAACH/C05FVFNDQVBFMi4wAwEAAAAh+QQEewABACwAAAAAEAAQAAAI/wABQAABAwgUMHAAPfLkylczbuwCRAgRI0iUMHECQfr06pezbu0ESBAhQ4gUMXIERQIF68Yzb+4GTBgxY8iUMXMGSQoVCxi0b+8IUCBBgwgVMnQITRIlK1g0cPAKVChRo0iVMnUKURo1S5i0cPEMWDBhw4gVM3YMVSJFa9g0cfIOXDhx48iVM3cOWSpVi9iNcfMQYECBAwkWNHgQXTJlqxg1cvQSZEiRI0mWNHkS3Th1y1i1cvUUaFChQ4kWNXoUYUKF65g1c/YWbFixY8mWNXsUZUqVC9m1c/cYcGDBgwkXNnwWaVKlKxk2dPgadGjRo0mXNn0YbVq1S1m2dPkceCRw4cOJFzd+GnFixWuZNnX6Hnx48ePJlzd/HHVq1YvZtnX7BAQAOw==">\r\n', 'dog'),
(12, '<img class="dd" src="data:image/gif;base64,R0lGODlhEAAQAPcAAP///+zHquzFptWymNuFBv+cAP+gAL2HNtmtgEgzESEqM/KOA+uIAMFwAKxrFP+MAf1bE/+IAIJTF7pvBSEiIDgrF8tsAGk+CNdyANx3ANh9ANN/Df9vC/ZqEfaWAFA/KpNhHf+OAP+VAP/gjv/54frGf8xrAOWAALFiALFvFP+EAfuKBv+kANl/DWFLJ/+oAP+9Xvr//8/a5zItLcWoj8+cYbJqAWRKKf+lAP+VBf+iAH9SHQANQ/+PAGRFLLXC1MLIxxsiIktNS76mlbSUeYxWC+qJCTkyLO2NBv+WAfOOBf+pAIRQDAYVJ/368YKGg1lDQYFfYZyIdLKbkpplHSMrM2FLKLdyFviPBv+VA/iNBAANJD05MA4REXRPTrd7f3RmVLSdlJtoI4tdHjk2MP+aBP+dAP+UBf+mAAASKVdWTG90cw0RDol8fXpuX7iglJliFVRAJVhGK4FZH/+WA/qOB/+YAAAAIszHwTc8PxofKKaTirmLWXxMCHVHCItfIJViGv+eAP+hADtDVZafqXlSItOLKatgAC8kGNuEDumMEP+bAFNAJwAXQfmhOPL//9bW0cRrAMl0AHBEBPmSAP+SBbxyEV5HKf+zAP+KAP+lEP+pNsBuANdsAMhvAF88Bvx3CP+dBPmUAzUzMNF+DzEoJ6hpC41QAFE+H9OLK8qeakRAQf9dDvxrDuCACEk7JLJrBicvO7eSaQ0XIamZlenErbaejrd4IvyJBvl/CPmNBJxnH35vYbGYhM+ulJiCbwAAAAAAAAAAAAAAAAAAAAAAAAAAAAAAAAAAAAAAAAAAAAAAAAAAAAAAAAAAAAAAAAAAAAAAAAAAAAAAAAAAAAAAAAAAAAAAAAAAAAAAAAAAAAAAAAAAAAAAAAAAAAAAAAAAAAAAAAAAAAAAAAAAAAAAAAAAAAAAAAAAAAAAAAAAAAAAAAAAAAAAAAAAAAAAAAAAAAAAAAAAAAAAAAAAAAAAAAAAAAAAAAAAAAAAAAAAAAAAAAAAAAAAAAAAAAAAACH/C05FVFNDQVBFMi4wAwEAAAAh+QQFewAAACwAAAAAEAAQAAAI+wABAHCwIcUNgQgTCiTwgIMKHEYUKiwAocOKHEeqjInjJxGlRSJuATAQwQMLHUiskJHzR1ElUKxwATgg4UOLHUmulJkDaJGZUK1yCZwAwgUPJVjM0AnEyJIoV7oEUgjxoseSLGfqZGl0adSrXQAQVBABwwcTLWjsCDKDiRQsgQksjIjxo8mWNHcGOcpUKhaAAAoukIgRwwkXNXgIazIli5eABRhKyADypMsawo82nZrVawCDDCZmBIHihU0eQpA4oaLlC0ADDSdoCInypY2eQpE6par1CyGKGkOkgHGzx5AkT6psKbRBZEqYN3wOTfq0SiKAIlTEwOmDSGFAADs=">', 'tiger'),
(13, '<img class="dd" src="data:image/gif;base64,R0lGODlhEAAQAPcAAPDbx/LXxvPYyfLSvd21mOS+rN2wkZlmQZNbSJdZRd6vnN29q9i4qdOvo+G+q9a0o/PeyfPXxPjk0e7Js+e6nLiMcJBTLnpBG4hUSZpcS8mTet/Jute4sNa1qOrJrNOwpPXizPDZxfzs1u/Eq7qMcn5XOIlXQY9cRYlQQKRjT86Xfd/MwN7AvNO2qOPDptKwp/PizvXdzv/fxLaEYWo/KpNeLZpbQbZ1WqlmR59XO8ykldjHwdy+udu8ruXGsti1qfHk0unSyNOnkX9PLGU6F82ZizkhKJloWIdOKqptSPDc2NLEwdm7r+PFsN/DssqikvTq3Pjl2e/LxpprPXJEGrJ+dGdNUbN/bXM7G6NlMuDMydHBveDHuObIuuzJvb6XhfXt3/no1Naymr9xKZdHJKBmSdCiisONbnxNLadgJ6t4R+HDvPPb0evQxebBr7SSgPTr3/Pj0te1m/SIQ6koGYxGN7V7YJ5zVaFwQcuGP6FRFZ1hM+/Rwe3az62EaMSmlvbp3fPczeza0NOTZ+RuMqxzXriJbK+FXal4R7FxQYE7EoA0ANqie/jk2IplTt3BtvDfy/HWxvrx6cywn71+WLOOea2KUqJ0S5NkRGc/IW47H2wsAKlkM7KSfKZ+ZN/ArezUvu7Xwfv37enTx8CXcrOEaKt+XY9eRYdZPYhhPoBSMGk0DIxDEioAADEAAH1QOefPvfXizv/z4cyqlsuplbqParCKYKuAWqV4VJtwT4JRL2o5FoE8EJpxWNWtj7qXgurWx/jr2e/Vu5BePbOOdK98XptpTIxhOpltRYlcOohYNW8/HWgsBLeSf9q0pJ90XefWz/Lezr+ZfZhgPadzUq94UadzR6NwRaNxRqp4UJdjQo5cPl4wC1EeAVUeAHtII+ra0t+/r6p5WaZsRKBvQqt4TrWDW658WJ9sSK5+WXhKKHZJK3hOK6FtRtSeeayBau/c1MifiLmEYbN6T6dwQJ5pPZFfNpdmPZZlPI5iO4xdN4pWMKJqRMahjE8yJWJDNSH/C05FVFNDQVBFMi4wAwEAAAAh+QQEewABACwAAAAAEAAQAAAI/wABQAABAwgUMHAAQQIFCxg0cPACRAgRI0iUMHECRQoVK1i0cPEESBAhQ4gUMXIESRIlS5g0cfIGTBgxY8iUMXMGTRo1a9i0cfMIUCBBgwgVMnQIUSJFixg1cvQKVChRo0iVMnUKVSpVq1i1cvUMWDBhw4gVM3YMWTJly5g1c/YOXDhx48iVM3cOXTp169i1c/cQYECBAwkWNHgQYUKFCxk2dPgSZEiRI0mWNHkSZUqVK1m2dPkUaFChQ4kWNXoUaVKlS5k2dfoWbFixY8mWNXsWbVq1a9m2dfsYcGDBgwkXNnwYcWLFixk3dvwadGjRo0mXNn0adWrVq1m3dv0ceCRw4cOJFzd+HHly5cuZN3f+Hnx48ePJlzd/Hn169evZt3f/BAQAOw==">\r\n', 'aguti'),
(14, '<img class="dd" src="data:image/gif;base64,R0lGODlhEAAQAPcAAOriJ83UI6jEGsfSIungKL7MHtzYJe3iK+3iKevgLO3gJ+vhKc/TJdPXLdPWKrzJOejiKpy/FHmwDavGF/TkI8fVEfDuFvPiGejAK+XMK+3iI83QJKW/FfPlK/XkJunhJ+riLffoKvruJ//qHNDEN7y3kMC9p7+KUufUJMbKO//7Lv/+Kv/yK+ffJ8LPIOTfKOrhKuvgKa+rH2JkQezt//3///////HAqfPmD4WADCEAFZKDKf73Mp/SGHuzF8/TIO3iLvbrKe7lF8jFq/nx8fPv8PXl9tTTLDYIGkQAEEYMFLi2KOrvHejhLOvhKu/lKpuVFayqvgBTXgAtP6nV1cnFDoB6EDoAAi4AAE0bNN/XJezcNOviLPTqKsa5G4WGewBMZAALHqTAyL623OjbF9fYJcfS+GFDO7NkobqrSurOTO3fLOzjKdnPJtrRF8/An77N3q7G3MXHb66kN/PsF/vzF6Osz1w/L7dglKCAaevOSfXrKfvqKPzzBNzQSLqvma+hqPDZC9zPE+3iGvfrD11KZS8BAKhRgpJ/YO7DV+viL+vfLYeBIXl4Tw1qfgBbgI+mtpKSr+jiGfr2Lvv//4p/dst0trSlTevOSurhJ/rvLsbHq//+/wAwPQAHEaPCyNjSG6KTGUkTMCcAAD8EKc3HLuvbLuzhK+reLY6LBaOlqrfIzajJy8TPLEocGEcADT0ABY9/Jv/9J+jgKPPoKrWtGmprSvri5eixX5V5ESwADD8AEqSbK//4Ov/vKLTHHezhL/LmLuriJujgGrKvabzA3c/U/8yidtfOGmZfK6qiJPv3M5rOFoK5DeHbK+nhK+vhK+ngK8/TIvHnKO/hGOvjEOHXD+nDF+a7J+rPNvryJ/fsJ63DFbHJGPrpLOriLOjjKOffLM/TI+ziLO3iLOzfLOriLufiLt7cLcnQSsLLUgAAAAAAAAAAAAAAAAAAAAAAAAAAAAAAAAAAAAAAAAAAAAAAAAAAAAAAAAAAAAAAAAAAAAAAAAAAAAAAAAAAACH/C05FVFNDQVBFMi4wAwEAAAAh+QQFewA2ACwAAAAAEAAQAAAI/wABQAABA4gTLmsWKMp0ygkwaOACRAgRI8iTLmz2LNKEilawaOEESBAhQwgUL234MKKTqpYwaeIGTBgxY0iUL276NNqkytawac8IUCBBw4bRN35scDJKjBq0AhVK1CAiBQycP446rbJRrNo4AxZM2CgyJUwcQI88sbJhzBq0AxdO3LBBRYycQJA+2bh17FoMBBhQ4DBiY8wcQZGM4kKGjVyCDClyHKlChs4gSaBa5UqWrZwCDSp0ILFSpg6hSaFc6VKmzdyCDSt2JLlixk4hSqJe7Vq27RwDDix4KMFy5o6hSqNg8WLGDUaDDi16LMmCBs8hS6Ri9WrWDZ0DDy58MCDRkiYPokulZPly5i3dgw8vfjTZokZPIkymZv169k1dQAA7">\r\n', 'губка'),
(15, '<img class="dd" src="data:image/gif;base64,R0lGODlhEAAQAPcAAEI4KzovIzEmGzowJEA1KjwxJj81KUU7L0M5LUM6LUM6L0I5Lj82KygfFQEAAFNMP/Tu4P/67ImDdwYAABUKABUOAxUNAhQNARcOBRsSChQNBg8HAhwUDisjHQoEAObj1PDx4uHm1uXs3lJMPyccEDgxJzQuJzcxKDQuJjAqISslHCokHC0nHzgxLDQyLP///+ru4PD26Pv/9XFoXjcqJD86MSkjISwoJTw5NE5JP1FMQlFLQUlDNzwyHzQ3KHRsWEhEKNrZwtHVxh8fEBgKAGtdHnZmIGFRFDwyAjsyEDozF0dAMk5HOYdLJYUSAoYcCWEAAIkWClwGAAMAABwZBScrCygnDEdCLEVAKUM4JmNRIVdJGTUrE3wkDaobD4wZA5keBMgoGI4cDhcdBAsPAQAEAHN7bmVsX4eIfGJPSyoEAHRdIXdmM5YdDJoVB5MaAasoDbkqFFIDAA4YETA1LgAFAHyAdKCkmJGQh7yenEQAAFEcAHBVHZ8cDIYFAKYfB7MkDJccAyEAABUkIENJRBsjGszSx+fq3oiFep+Gf1MDAF4OAFAWAZwbC5MSALUlEKkgDmIbDSYtJgAAABkfGkFIQfj+9GtiWnZhVWgYBrInEp0fD5sbC58bCbYjEZIfEEEpIB41MjxMSIGMiFZdWR8jGbKzqaaYimInGngcB6kcCKscDJoaCp4ZBagdCWogDz0yLAUbFhkqJqyzsXJ4dmJvZLCtpzUAAHITCqIjFbQgD6YgDIUVBbQbCMogC2wgFUQ7Nz9OSUJUUKeysGNvapu0pqejmVMFAF4UAIMUAZUVA5YZAycFAGISAssjEFoaEjEvLTxHRRkqKau/vW58eGZtYGAqGo0MA3YUAHkfB5ohDZobBXAUCk8nHUlPTEdZUxcsJHh7b1UMAHgJAJkWAKocCo0SAF0jBn8lFJkjEAIAAAIBAA0FBCgbFz82MUcjGWMhFIEhFqMcFKsgEpMjE3EiGGQ8MnyFdZaHgYAkIAAAAAAAAAAAAAAAAAAAAAAAACH/C05FVFNDQVBFMi4wAwEAAAAh+QQFewAvACwAAAAAEAAQAAAI/wABNOjQokeTLm36NOLEihczB+oCOPDgwocTL278OOrUqlezSesEPPjw4seTL2/+PPLkypczbuwGQAABAwgUMHAAQfr06tezbu0IRAgRI0iUMHECRQIFCxg0b+4KSBAhQ4gUMXIESQoVK1i0b+8MTBgxY8iUMXMGTRIlS5g0cPAOUCBBgwgVMnQIURo1a9i0cPEQVChRo0iVMnUKVSJFixg1cfISWDBhw4gVM3YMWSpVq1i1cfMQXDhx48iVM3cOvTBly5g1cvQUYECBAwkWNHgQXTp169i1cvUWZEiRI0mWNHkSYUKFCxk2c/YYaFChQ4kWNXoUZUqVK1m2c/cYbCRYsWPJljV7FmlSpUuZNnT4GHBgwYMJFzZ8GG1atWvZtnT5BAQAOw==">\r\n', 'Матроскин'),
(16, '<img class="dd" src="data:image/gif;base64,R0lGODlhEAAQAPcAAF1iU1dcTkpPQUZMPkZLPVBWSE9VR1JYSjM4KzY7LVFVRjM1Jz5AMFRPI1lRHh8aEAMAAAAAAAQDCBMXGh8lHwIGB21qLXBrMiAbEJKWh9rj0tfhztjjz8zWwkRMOxgaDhYVB4+SV4yMUiIoIiYuMRgiJk5NIGhkLRcRCIB/dDc2L0dMRjxFQAgMCRUaFklLN7a3gndySmJhQBUYESEnGj45GGJcLQcCAAIAAA0AAAsNBhQcGQsVGAAABtTOjN3VkOLalePWlMC3fBQLARkNABwQBBMLBAwUEwALEQAAAwwQCnRxRsfCgoeCSMjAgcW6hLmteLapdb2yeRIJAg8GAAoCABETCVRULZqYW7KtbN3UlMi8hpiQW4J6TNTKj8q+g8K1f7+yegMBAF9cOczFga+ocaejhpmQcNvOj5mKUHdzVQUJB01KL6ieZ6GWYr+yezUwG1dYO9LW1L3Dx05OPaacZiojCwAEERYiJwsOC8W7gpeKV8CxfAQAAA0EAAsAAEhAJsvHiMG8moB9VbWxfJKKU8G8gg4WGCQtMQsQEqGYaMa5gcCxewgDABULAw4DADAoF8O9eZeNWHNvPJGQX6mdY9THiDg4JA8ZHxEXHX95Uc/Chb6xeQ0FABcLAxEEAAYAANDMjsfCqfX29oKGgHZtRr2yfI+LYgcTGg8WG2ZhPNXEgLKpdxAHARYJAhUJAR4WAF9gRiwyJZ6ZZGhiNK2ibAYOEiEoK3d5X6ymdbC2pRAHABUJAhYKAispHeHz5qy9tIORiKKtmJCck3V1TAoRDAACAL3CrcnRyBQIAhUKAgEAADAtKf///9zn6OLu7LK9vOPx8JWfk8XQxhcWChMUCxMYDicqIBELBA8HARQJAg8JAXd8dNTf29Dc3M/a2tDc29Dc2dDb2szW0SsrITEyKDM1KzEzJwAAAAAAAAAAAAAAAAAAAAAAAAAAAAAAAAAAAAAAAAAAAAAAAAAAAAAAAAAAAAAAAAAAAAAAAAAAAAAAAAAAAAAAAAAAAAAAACH/C05FVFNDQVBFMi4wAwEAAAAh+QQFewDNACwAAAAAEAAQAAAI/wABPMCA4saQKWJw9GnUqdWuTtgCQMiQIgIRKhEg+HHkyRWvZNkERNCgAkeRKhn/PPr0qpcybQMibIiQw0iEMXAAQQIV4c+ybQQicFih44gVMnECRQoFyxczbgUidGCxA8mVMnIESRIV61ezbgYieGixIwkWM3MGTRolC5gzbwUgfHDBQ0mWM3QIUSIVIdizbwcigHjRY4kWNHUKVSo1Sxg0cAgihIARgcmWNHYMWTJFa1i0cAkkiIgRoQkXNXcOXTpVi5g0cQomjJDhw0mXNXgQYUJlq9i0cQsokJjx44kXNnkSZUp1KwI1cgwqlKABBMqXNnoUaVKFy1i1cg0smCOoESQKGDd7Fm1aleuYNXMOLpywIURKmDd8GHFipQvZtXMBAQA7">\r\n', 'Печкин'),
(17, '<img class="dd" src="data:image/gif;base64,R0lGODlhEAAQAPcAAKxBKqtAKatBKahAKJU0G48yF6A6IrFAKa5AKK1AKqxJMqQ4Ip00HaY5IqU7I5xCJ18hBjcHAFwiB2gkCmEfBm4mDYs3HK9FK7hGLsWefOHFoebFoOq4mIVHJ2kjBoMyE400FZlAH6FDJaJDIp1AH3AoCVAYAIk1H2ZXMlJMJkgvCkAUAG8vDqNBIqxGJKtCIalAIaY9IKU7Hqw/IKE7HX8xF08WBow0HGdbNVlULVYlBJk9IKxGKKdAI6E+IaI+IKI+IaU/IaU/H6RAIKlAIKM9HmwkCGohCmVaNEE2DoQ9HKdEJqY/IqE+IKE/IKE/IaRAIqZAI6hAI6k/IbNEJatHKG8qDlpKJGgxDK5BJaM/IqI/IaZBI5o8HYgzEXwlBZM0FapDJ3YpDFg0D5k/HqpAI58/IKI/IKVAIqA/IahCJqFCI3EpBrN5SMuQXIlKH5E9HHgwDmcuDKlCJKE9H58+IKREJoExFXUmB6c9Ip1CImQjAc+RZuyjcqlpP3Y0ErFxSWsuDqxEJZs7HZ48Hpk9Ho42FVcRAGgoC4oxFpM1G2IYAHo9INyZbJhUK8uGX8+LYmApCqZDJJw8H54+H59DJJlHI1giBJVkOKRyRYdFJGQlA0kTANqedsqIXs+PZaVdNmAwDJE5GJ8/Ip49IJo7HmMcAGIrEPCneNqUZvate9+ab24vE9WRaNGNY4I+FpE6GYFYM4QuDKI/H6I8HKlEJoA4DtOPXKVjOxgAAF8vE8eEWceBW9aNZN6XbXUoAJpEHqiQZ00aAG4yDm03DTsSAFE8GnZMJ4w6Hcp+XeKVb9iMZcmBXMyEXNuXbmgrAcyeaM68k0EuBzciBCQTAEY5D83Bkr+BX4suEok8GM6HZNuWcNGPa86MZcCHW4phK/HfndHBl2NVLmBRLGNSLGZVLauTa61mRaxAJZM2F4w8G6BRL5NCIpNPKb6XZuHLkuDKkAAAAAAAAAAAAAAAAAAAAAAAAAAAAAAAAAAAAAAAAAAAAAAAAAAAAAAAAAAAACH/C05FVFNDQVBFMi4wAwEAAAAh+QQEewABACwAAAAAEAAQAAAI/wABKMiAAgeSK2PkBIoUKlawaOECLNCQIkcSLGTmCJIkSpYwaeICMNigQoeSLGXoDJo0atawaeMCNOCwYscSLWbqEKJEihYxauQEOOjAggeTJmeAFKpUqlaxauUGPPDQosePLWjsGLJkypYxa+YIQPjgwkeTLWnuHLp06taxa+cKRADx4oeTLU/wIMKEChcybOgMSAgBA8gTKGryJMqUKleybOkOTBARIwgULmv0KNKkSpcybeoQUBghQ0iULmz2LNq0ateybesSVCAxY4gUL234MOLEihczbuwEWChBg8iUL276NOrUqlezbu0CXDBRowgVMG/8OPLkypczb+4CYCQ4YcNIlTBw/jz69OrXs2/vAAAYcOOIFTFxAEECBQsYNHDwBAQAOw==">\r\n', 'Дядя Федор'),
(18, '<img class="dd" src="data:image/gif;base64,R0lGODlhEAAQAPcAAF+AkFp7iFd3hFVzgFd0gVVzf0xrd2CBjk5tekxncWOEkmGEk2CDkmCCkmKFlGSImGeLmWiLmmqMnWWKmHKUoUBNUwAAADJMWFmHnl2GmmCEkmGBj2KDkmGGlmWKnWOJnWWKnmOGmGOLnmSEkhkQAphqPmdaRU1vf1uFmmGBkGKDkVZ2h2B1eFNoZ1p+kGOHmGaRoUhFSlUjBMqZYMuMTsKDRXpWMluDl2KEkmGCkFh0eYyOd8G4k6ahfU9rdGSKnGyUoTEDAJ9iL7mGUKBsO6x2QKNxP1F0h2OKnGGDkYSMerWvjbixkKSZe1tpcmaLn1Z4gDgAAMGPVat2RKBqOKx0P5tlMVRWRmKJnmKEk66rkLaykbi0lIuQeWiPm22csE5dX1cTAMqZWq53Q7aASLmDS41cMohnQm6Wr2OFlJ6ZgcvEp5GEaj4eEkZHSUFMT0MXC2QaAMiWWK53P7iBSLF6Q6V0QGdWM0tvd0ZWXD87J9LPtiYZC15PQ6Grq09XWkE0MlMYA8eVW7V/SKx5QohYIp5sPkgIAF0SAEgeE0tGMr67nzcAAFcVBkcOAEoXCVglGno/HLGARK99RriGUKt9Rl0mCWQZAG4bA0sxJrGrj5yXfUEAAEYVBGMiFmohEV4WBcmQXcOPUbuITr+KTqx4QTwAAFAUBDw0KV94gbGqkYBpTU8EAGgfC14bCVQbBkgQAJhhPJJaL6FqO7iCSql6P1U/KE18f1uLnYCUoXqGfGxzYjg5Jz8dD2ARAG4eBWUeCGEcB1USAFQRAFANAFITAIdNLYx0UIhzUKV4SGKDkGOLnGiUpm6bqUBCPlMNAG0cBG0jDGojC2olDGkkDWUeCV0aBlkXAIE/Ga58T2OEkWWFkmiMm2aPnjtKSTQSAUgPAGEQAGsYAGkcA2oeCWggCmgcBT8LDX2Mm2SFk2SGk2OGk2OGkmOFkmWFj2WBiFNdXVdANlQlFGAgDWQhC2IiEE8eEoCdsgAAAAAAAAAAAAAAAAAAAAAAAAAAAAAAACH/C05FVFNDQVBFMi4wAwEAAAAh+QQEewABACwAAAAAEAAQAAAI/wABNHDgQIcSLWr0KNKkSpcybekCOOiwYseSLWv2LNq0atcyZeoEPPDAggcTLmz4MOLEihezbesGQPjQokeTLm36NOrUqlczbuwIRADhwocTL278OPLkypezbu0KSAjx4seTL2/+PPr06tczb9oMTBABAwgUMHAAQQIFCxi0b+4OUBgRI0iUMHECRQoVK1g0cO8QVLAgQ4gUMXIESRIlS5i0cPASWCAxY8iUMXMGTRo1a9g0cfEUXChBgwgVMnQIUSJFixi1cfIWYDBRo0iVMnUKVSpVq1g1cvMYZDhhw4gVM3YMWTJly5i1cvQWaEBx48iVM3cOXTp169g1c/UWbCRIgQMJFjR4EGFChQsZtnP2FnBQkSNJljR5EmVKlStZNnT3BAQAOw==">\r\n', 'Шарик'),
(19, '<img class="dd" src="data:image/gif;base64,R0lGODlhEAAQAPcAAKDK5qDL5p3I45zH4p7H46DI46DH357G3aDI4Z/H353G35zF3pvE3JnC26DJ4p/J45zI4p7K5qjW9KfM5IGdrk5eYxEYHEJRW6W/y7Td+J3K5prD3JzF3KHJ3qHH353I4a3X84+vwxwiIQUDABAPBxITDBEUDhgdGJast7DZ8ZzG4ZvE4JzE3aLJ36rR7KXR7qTI3hwkJRISDCQlIiUoJSksKSYrKBkcFyMmIa/L2KzW8ZnE4J7F3qLJ3rTd97jb7UpYXwwLBRYbGCQqKQ8SEBEUEwQICQgMCwYHAkxTT73i+KDM6p/E3KPI3YilsEhQTAAAAAkIACsvLG5zcUxQTZykpI6YmlVdXQIHBHybp6jU8Jy9z5GxvxMbECQjHiAiHzY8N3B9fAkPDDAwLaCmqqOwtrzHzqWwthkhI2l+hZi4yXSMlFhveBwaFDI1MyMnIwkOCZujoGpxbbG0sZacn0VQUgACAKWxtHyIiKy7vo6hqJWnrkldZiEhGy80MCUpJgEGA4uRkZOZml1iY19kZ6KtsJSfosrW2WNsbHuFhnKCi32Rmk9jaBYbFSwtLSQmIwkLCFleXGlubRQZGT1ERpaiprG8wGZyc3+ZpajG1W6FigwRCygpJiEjIA8RDiYqJ5GVlGFjYY+WlH6Jik5ZWgAGBRIWFwEHBYWqup3C2Jy6xyArKhobFhoeGxUaFzE3M3+DgTQ1NjE2NQUMCxEYGBceGyEnJbTW7Ju/2KHF2Y6tvBUeGgwPCA0RDQ4SDwkKCxUXFhgdGxsfHx8kIxsdGwQMC8rt/53A1qDG2a3X7avK3VFoch4rLQgODAkPCRcbFkRNSQkMChYYFgsLCjdFRa3Q4aDC1aHG2ZvE2qLI4anN5Lnb8rnZ6Wh7fRsnJCsuLI2YlxQXF11vcrHR3KfM46nL36TH2J3E2aXL4Z/D253C2ZzB157A1J29z5Oyw4inuIyksZq3yJu90Jm90pm90wAAAAAAAAAAAAAAAAAAAAAAAAAAAAAAAAAAAAAAAAAAACH/C05FVFNDQVBFMi4wAwEAAAAh+QQEewABACwAAAAAEAAQAAAI/wABOOjQokcTLmz4MNKkKheya+YCPPDgwoeTLm36NNq0SlcybOcEQPjw4scTL278OOLEapeybOgGRAABAwiUL2/+POrUys4ybekGSAgRI0gUMHAAQfLkihezbeoITBAhQ4iUMHECRfr0qlczbusKUBgxY8gUMXIESQIFy5edbuwMVCBBgwiVMXMGTQoV65czb+0OWChRo0gVMnQIURIlC9izb+4QXDBhw4iVMnUKVRo1Kxg0cO8SYDhx48gVM3YMWSJFS1g0KPAUZECBAwmWM3cOXSpVa5i0cPEUaEiRIwkUNHgQQTFli9g0cfIWbFChQ0mWNHkSQTkFpRi1cfMYcCRYsWOJFjV6FGFCdctYNXLzGmxgwYPJljV7FmVKheuYtXL0BAQAOw==">\r\n', 'мом'),
(20, '<img class="dd" src="data:image/gif;base64,R0lGODlhEAAQAPcAAAJqehV5iUCPnQKKoAGUsACdtgGjvgCjugGnsACmsAGmsQGlrxCmsKLT1M/WyJaojwJpdD9ra2F9bQBjYwCaqAGltQCfuQCguwCmrgCmsQCirCa+x7bIz83HvcHKtBtrbuLUwNTKs3+FdAB0hAKpvQCdqgCdsQCkqgClqwCjrACfozjGv8LOv8nFrM3Rt1CIhfHd2q+3p6esewdQSAC2xQClqgCvvgGuvAC5xwC2ygCNkzqFjmt4dMO+sMXHuViPhuvp26y3oYudaAIkDACluQBvfRNjVh5NNgBSRxVUSkdaPG+KZUNmPgAlAHOAdkpzauLl06q4mElwPhMpFIO4rtneuPjozPDku32DYsK/oY+Ld2JxXXF9YnmMX2d7ZZiikpiih5ephVN5WQAAAP//+Pv/7P//9Pz/4JaikdHUw/f64P//6f//8f//6KaylrLArc/Uu32QcERtSh5AKq66rZiljv/39v//78rCsfv/7f/65fXz3vv64P//7J+qkDl2fby1uP/165OXjHx5aG1hZpivmf////vt2Gg7Jaequ+rKxufj2NbTxaevm2VwWwF7jgBvggBhbgB6fwCBfAAEBHCAa///+02VfwGnpFSkhwpsQTxVQ5Chj214ZAF6jQCLoQWbqwCjtQC3xwBTXJOjkfjl3gB6fmXj9N7t6CRcQkRoVIqOgpeciAF2jACAoACPngCZpACmtCdYUP//7Tp3ewCioCfEwBk2HgpAHlx2X6mskL3DrQF1hwKCmgCOnwCttQeotnBkcP/16FWIcACamQCppwWyorDu47b//7f2+3itnomZjAB1hQGEmACLnQCptQAgKQgcGQB4gACrvQCgum3Q2b/o96Xj7aPa4Bqkl0RLQQFxhASAmACJogWpwkMsKRAAAAl6eQe10AGqxgChroHX27jr9KXn56na1yO5riCNigFvggJ/lACMogGarwd0ewl9hwSjuAGkuwGmujO1wJnk6qTj6J7c3jazsg6xtgAAAAAAAAAAAAAAAAAAAAAAACH/C05FVFNDQVBFMi4wAwEAAAAh+QQFewCGACwAAAAAEAAQAAAI/wABQPjw4seTL2/+PPLUihezbesCRAABAwgUMHAAQfrkqlczbuwESAgRI0iUMHECRQL1ypezbu0GTBAhQ4gUMXIESQoF69czb+4IUBgxY8iUMXMGTRIVCxi0b+8KVCBBgwgVMnQIURolK9gYcPAMWChRo0iVMnUKVSJlSFi0cPEOXDBhw4gVM3YM6Z01TJo4eQgwnLhx5MqZO4cslaJFbNq4eQkyoMCBBAsaPIgumapVjBq5ZwoUpMiRJEuaPIkwnbJlrFo5egs0qNChRIsaPYoyobp1zJq5egw2rNixZMuaPYs0pcKF7No5ew04sODBhAsbPow2qcqVDBu6ew46tCPo0aRLmz6NOK3SpSxbOnwPPLjw4cSLGz+OOrHatUybunwBAQA7">\r\n', 'мышь'),
(21, '<img class="dd" src="data:image/gif;base64,R0lGODlhEAAQAPcAANrO1NrO0trO0drOztnOzNjPzNbNy8zIzYemxAyE1gWJ4zpvn7/DzKvCwdTOydrN1NjL09rOzdnOytXJy93P38HE6AOG1wB80w5XlISTvmGZvnmUyYWmwNjN0tjM0NrOz93Qz8fLytnL49nS7yJPmwBUrAd0wASv7QDA/wC29EC696TC7dnN0dnM0drO0NnNzNzMzau6zeXa8DWe4wCG7ACX9ACT7QCU5gOw7wCu6gCo3Y/E79rQ0uHX1+zf297U2s7S+5ii0gBgpwd0sQ5rrAtyygCK5gGx7ACy6gCr7m277NnO0e/o6Lu5tYZrczUpIaTW/wSIxQC49QO+/wHF/wRxsAh32gCg8QC27wCs7GW568nBwAAAAO6c9gHS/wCm5ACX2xJwrhaJvBiErZpSoA5/wwC37ACp63a87trN0qqio//b/1eUkVNfXgSk6xJllSZsowyQuUBInwCV5gC48QCk55DB7NrN0ZiTkv/Y/2GLhld1eA+d2xBtnBF/ugOqzgJjsACl/AC37wCk5pnE8dnN0JmVkv/K/w/U/wCo7QCp8hR3og14px+AspBKmQaX5gCz7ACi5JjD8dfOz9rT0EpJQNOaw1rS/wCN0gC2/RBzrBCOwSBfnkBnxwCi6gCz6wCn45DE7tjO0Oba297V0d7PzHx7ePXm/0hpoACKyBCu6guX0QZvwQCK7QCx8QCx6ACo5djN0dnMz+HV0NrUyrHB18PU+QB4ygBvzwSD2gCD5AOd5QGy6wCt6BGr5qW/8dfLytnMzdnNzeHOyK2zwtPU80l9tgBWrgOL1wCl8ADA9AC68wCv7WfA7KHC79fNzNjOzdzSydfRxrbAzaa64RNltwBmtg5xtwd4swKi11a67cDN+JG86dnNz9nOy9bOzcHEz6y2zCp3rgaK4hN2wH6YwJan0Xyix2uVrQAAAAAAAAAAAAAAAAAAAAAAAAAAAAAAAAAAAAAAAAAAAAAAAAAAAAAAAAAAAAAAAAAAAAAAAAAAAAAAAAAAAAAAAAAAACH/C05FVFNDQVBFMi4wAwEAAAAh+QQEewABACwAAAAAEAAQAAAI/wABPOjAgsUSFmnuFJokKhaLQrECQPDQggeTLWrwGKI0ShawZ90ECPjgokcTLii5VCI1IJgwYSIHvPDhpMuaPIcslZolDBqBARFAwPjxJCVKU7SGRfNGQEKIGECgeGGjB9GlU7WISfNWYIIIGUGifGmzJxEmVLaKTftmgMKIGUKkgHHDR1GmVLeMUQN3oAIJGkOmhHnTZ5EmVbiOVQuHwEKJGkSoiIHjh9GmVbmQWROX4IIJG0WqjInzpxEnVrqSXRunAMOJG0askJEDyFGnVruUYSO3IAMKHEeulJkT6JEnV7yWZSvHQEOKHEiwmKEjCNKnV72YaTPXYIMKHUmynB6pMygSKFi+mm0754DDih1KtKCxQ0hSKEK/nHFDFxAAOw==">\r\n', 'Водяной'),
(22, '<img class="dd" src="data:image/gif;base64,R0lGODlhEAAQAPcAAOnqyubnxenowqKliQccCGuXTYKqRo+3Ro6yTFh2LDdRFVJnLniCUOLisdzYqtbYsdTVs/j41///3bayoAAAAG+qSou4Sp/IV1h2Kg0oAEFeK1x1OCg/BbjPm7zcq6/TsZKUbZOQavnz1a60i1FwKnupSqDNVYuyTAITAGmALYuyTll4KS1LDipCE67Vps783+nqxN7esnZ/R5SsbJrGW32xQp7TU4SuPSIxDeH9joWwR1ZyLEdiLBYqAGmPYsr42+bnwPX1ziAwEFFsUbTgpmmfWIzFTa/YXyItE8PlY1mFEzNPCzxXIxotATJHJqXAqOTkvP7/1oybb1JtQXikU06HK4a/Q5G0SMzrdnOgJVx7N0NcKhkqATo7GyAkGeHht/j/x5+zZ8bjmKrYclCJEqDWVXyeNhcbB8noa2iTH0llIyk/DgERALC0iw4QCeTktt7jrAkcAEJXU36rhlaVKrTkcENZGVZoMazOTF6FIUReKhkuAys2GLa2kwsKCd7er///zMbQi5OUfWaNVXK5Q6/hZgAIAJG1XZa/MlByHDFJJAscALW7luHiuyclIYCATnt4RIF4NZeRSkdwAo/GSoCkSb3ma36nJEBbIBwxFAACACQmABwdAHBvVsfHldHLneLQqq20fXOiNrPfWDRKHc/6bG2bOCA9Eg0XAG1xTv//+P//2MPDnru5ibWtf6akcFJwH5XIT6PGRgYAAMnrZGCHQQgcAAIFAFFULFZYME5MJIeEZN3aqvfxw56uZHemQajbaV5zJjssF7DGSDJQHqSigv//3Pbz1fPt09POstvUo+7puHWKPJS+T6zVWwwcALGZcK+8UAMcAE1XO///49POrcjDqszHrdHMsN3Sn+3jrnV+PKvKYtX1fjgvMfHhoJKaPQAFAJycgOzjw8fBpM/JstTNttHLsdzRn9/ToL+9eai0V6y5WkNAHdXRp9PKk4+QTGFhL8/Jq9PKq8zHqs/KsdHKs8/IsAAAAAAAAAAAAAAAAAAAAAAAAAAAAAAAACH/C05FVFNDQVBFMi4wAwEAAAAh+QQEewABACwAAAAAEAAQAAAI/wABQAABAwiUL2/+PPLUipeybOgCRAgRI0gUMHAAQfrkqtcybekESBAhQ4iUMHECRQL1yhezbeoGTBgxY8gUMXIESQoF61czbusIUCBBgwiVMXMGTRIVC5izbuwKVChRo0gVMnQIURolK9gzCu0MWDBhw4iVMnUKVSJFoa03dwcunLhx5IoZO4bazhIG7ds7BBhQ4EBC4cydQ5ZK0RoWDRy8BBlS5EiCBQ0eRJdM1SImLVw8BRpU6FCSJU2eRJhO2TI0TZy8BRtW7FiiRY0eRZlQ3SpGbdw8BhxY8GCyZc2eRZpS4TJWjRy9Bh1a9GjChQ0fRptU5TpmrVw9Bx5c+CFw0qVNn0acVulCds2cvQcfXvx44sWNH0edWO1Khu3cvYAAOw==">\r\n', 'Крокодил Гена'),
(23, '<img class="dd" src="data:image/gif;base64,R0lGODlhEAAQAPcAAD5TSR09Mmx4eB8nKxQ3MBc4KhUzMAwrLAomJwskJQojJA0fJA4UHAwmKkJNScG/tBMzNAAqKBgwMxQAERUkJRQ3JwAgFQAFChEUIV1nZmd2e2doazYrMAAAAB0uIKShmRo0OBQ4Nhw3ORgdJBstLAMoHR4yLcrGzP////T6//D5/+v8/9nm/YWVm5+dlhc5NAAiHAUcJAAjIAArGyVEOv/++uDU09G0dMuqPNmlGM59B8RmJ6iBY6iknxU6M1NgYuDb4zpRVNDT3/38/761fdqkBvG4IPrVP//jSPa1KOeHF81gAJ6TiRg1NSU8M9/b115lZtvf7NOobt6rF/fEOPHJNNSqOfjVU//OR+qyPeecH7mNTRc0NgAWENHV1+Dc44iRl8WcUtmdEvrUL+zJQOzIL6d+La+VPvncUO/NQv/bUs6bMBQ4NQQpJQAeIqKqrV1TSNWKBObBJ//vSv/qTv/fQf3aS/vXSv/zWuG9NPzaR+S3MxcsLw0iJwAFE6KmrFhKOdCMA/HJNf/xU/3gQ/HTQcuhHf/rWOnKQP/gTOa6Ng4mKQAJD4eIk+Tk3oeJkdCeKO/CHP/3TfniRf3cRt+5NOzGPf/tS9mxKvzeQtqyMQ8pKgMdGPHv6XZ8j9XW1r6ZSvzXMf3ROPfLPbKOOdjDbv3fUfbGRf7RPsilTQ8oKwAGC+jr7z5NRgABCKmwvunw/7iui7eaKeauCu69Gv/gP/m7Ju6UEOOTCbWgjA0lJgAVFQEkIwAREAAMEgUUHszR2Li5urSfY8SEI8deBcBfAqmKaqKknRAgJQ0iJhEkJQsoKQofJQANEwEGEJCOjt7n/6Cvv1hrbqehnwwXHgAQFQAREgQhIQEeHQIgHQEUFgoWHRojKAQaHAAFBSIwJ7CooKeoqUVRTggcHlReXkBQTA8iHhEjIhMSHQ8VIgomLAkjKAolJw0kKQomJj5LRdbPxgAAAAAAAAAAAAAAAAAAAAAAAAAAAAAAAAAAAAAAAAAAAAAAAAAAAAAAAAAAACH/C05FVFNDQVBFMi4wAwEAAAAh+QQFewAoACwAAAAAEAAQAAAI/wABQADxwkcTLmz4LNqkShcyauECRAgB44eTLm36MOK0aleyauIESBARAwgKL278NELBipcya+MGTBghI8iTL2/+OOrUqteya+QIUCAxowMUMHAAPfLkyhczbOUKVChBQ0iUMHECQfr06lezbOYMWDBRY4gUMXIERQIFC5gzbecOXDiBgsiUMXMGSQoVC8WzDugQYEBhowgVMnToTBIlCwWKDukSZEBxw0iVMnUIURo1KxiKbeoUaEiB44gVM3YKVSJFSxgKbusWbFCRA8mVM3cMWSpVaxiKbuwYcFihIwkWNHgOXTJlixg0b+0adGCxQ0mWNHkQYTp1q1i0Du4ceCRowWOJFjV6EmVChcuYtG/vHnxw0YPJljV7FGlKlevYNHDwBAQAOw==">\r\n', 'Колобок'),
(24, '<img class="dd" src="data:image/gif;base64,R0lGODlhEAAQAPcAAJGhbMPCZfnwZPPqSfHmXN/gU9Lbmau7sKKrqUtIRWllWu3wx4iJeThYUSFhYB1PT668mv7wdP/xauzkOvXrffPuZvr11JWfnXNpiAkAACQbHKGYgFL8/zHU1A9CQxxjYMrYwf//sv//tvX/mf//z/b0tZxqZWJskmxkjCAUDi4gIzkaJV23zAAKCAoBAyKmprOIcKEAAKMAAKkUALqlkLVRK4g4PIGDqW1niCQWCzQmJzIaFUNTYUidnwAAAC6rqNI0F34QB6EpIKUeE5waDdISAG1znn6CpXBpliQUDDYlKC8eGx4KDUtxgB/CwTaNi9MuGZ4eFsQwL2gUCdEYALImAHGQx4V+oHBqkxoQBTUnKi0hIUY7SXdrZxxFSjcyMM8uFc8VAK4eC9YgAN8fAJNBPISJvZGCqnJliSsgGkAzNDswLU9GXId7jWFxgYeGgLhlV7wAANAHANsdACcQC0dQcoCCnCw7SQAFCk1WXamhmSghNXBiiVlaf3c1Kunr0ej+y6daRq0VAA4dH4V4q9bMxC5ETQAABmJtcWV9f/r//7azr8W9t2t9mZ4rH+ru0P//tODVmmYHABIpKH17rIt9kr60v7CpqrOstk1LY6ojG21RT3hPSV1ig4U7Nvb11v36mv//pZYKAGwVEHiGsHFtnXlroGxiknhsm3Nrkp4SEKeblX5yfmBdi3Rnhfnuyv7vjv//kbRmQtcDAIZDQFJdeGRefnVqjEZFXgALHBwmK9Pf2GFYaX91omZed/riufntiv/8mdzssrAAAOIpAGNJWGhUgIJ6jllaW2NpZjkqLBIABCsiKWdfXPnetf3qiP71o9/sp5wYCMYmAFNgg5CBtd/e0r3RwNnW0Ds1NScUFTEhIi0bGWRYVvnes//riNnKj8MiCt8SAF8UDQosPmNek2NJbEUjRVQ5XlxQgigbLCIYGiMPFTcsLPjis/rposGMZ+IqA7QlCLMpDZIyG4dtWrGWesCkfsy6hcvJrY6IiFdSVVBMRENCOgAAAAAAACH/C05FVFNDQVBFMi4wAwEAAAAh+QQEewABACwAAAAAEAAQAAAI/wABQAABAwgUMHD+PPr06pczb+4CRAgRI0iUMHEAQQIFC9izb+8ESBAhQ4gUMXICRQoVKxg0cPAGTBgxY8iUMXMESRIlS1i0cPEIUCBBgwgVMnQGTRo1a5g0cfIKVChRo0iVMnUIUSJFi9i0cfMMWDBhw4gVM3YKVSpVqxg1cvQOXDhx48iVM3cMWTJly1i1cvUQYECBAwkWND4OXTp165g1c/YSZEiRI0mWNHgQYUKFy8e1c/cUaFChQ4kWNXkSZUqVCxk2dPgWbFixY8mWNXoUaVKlK1m2dPkYcGDBgwkXNnsWbVq1S5k2dfoadGjRo0mXNnwYcWLFa9m2dfsceCRw4cOJFzd9GnVq1YsZN3b8Hnx48ePJlzd+HHly5atZt3b9BAQAOw==">\r\n', 'Енот'),
(25, '<img class="dd" src="data:image/gif;base64,R0lGODlhEAAQAPcAAEhpm1Jyp3uox36syFuFtkx3p0VvonWWt724ytbIxcXGyqa806G/26TG4Zi61mqTwkVmnkVooVF7rrnp6HWhx1F7sUNvpkN2oN7W0//lw83Oy6672qe83KfG4arJ23mhxz9hmUJnnUVso57K2JnJ3FN8tlOCvUFvsICcvv/g0M3azsHw/6no/5/Y/KXV8IKozTtbkjBqpTJts0mDv6Dk+WyjwlGDqm5RbVAZJl4AAFwAAH4AAJAzGI9gWY6YoX6OpjZWizNZlJ00HJQUAIYCAHwAAJIAAONTDaNVNsmDWtJqQo4cAJkvAocPAH0AAIQiBDJTiEI2VMMoAEUBEWQfIXljSuOSVv+zX59UOn9CMv+1d9+RZv+2df+xdPOWX4MiBE1LZWUwNZoqAG8YCfGNNv+WOP+TKuiDRUwXEIE1INyMUeeLWfaSV/aVXv+hboMjA6wsCb4wAJ8eAJYsDv+QM/+MLP+GH7ltRywiJfagaOOGU/6eauuRWu+XYNN3TYEeBaUqC40qD0wBE+aGS7JhN8F5R/+GJf+pfv+mZP+rath3RfWcZO2QU/OhXpM3DnodAqguAoUcDlMFColTNKhzScGOcO10FuiGSvCLWvOTY+CDVvykcPecYbNeQGcOAGwZBK4qBqIpBXQYEqFMLveNNv+PN/V3IPCAIeR0EtZyE9t0DsRvQnYmG00CAFcFB3EcA40tDa4tAJonDGcRB5pHIPqFKvKJJ/ODI+FyGtxzHe5/HGwbFFgCEVkLDWobBG8bBERVf2wcAKkpAKgoAJ0jAYwfB9JrIf6CIeFvGNpyGuh9G2wfE1UEB2IWBWwfAGwaAUBpoT1IcXAOAIIkAX8pAI4iAFsXCel/JPyMIPOHJO+IL6FVG2kSBG8gBG0eAGgZAFF5rjt6uloQAF8TAGorC8FXM3UZBVEFAj4AAXISBnMQAGsRAGwRB2oYA2oYAGMUA2KNwFeDvE9aglobCFgXBIA3EnswDYEiBXwgBWwYBGsaBmoYAmoZAWcWAWQUAVwRBCH/C05FVFNDQVBFMi4wAwEAAAAh+QQEewABACwAAAAAEAAQAAAI/wABQAABAwgUMHAAQQIFCxg0cPACRAgRI0iUMHECRQoVK1i0cPEESBAhQ4gUMXIESRIlS5g0cfIGTBgxY8iUMXMGTRo1a9i0cfMIUCBBgwgVMnQIUSJFixg1cvQKVChRo0iVMnUKVSpVq1i1cvUMWDBhw4gVM3YMWTJly5g1c/YOXDhx48iVM3cOXTp169i1c/cQYECBAwkWNHgQYUKFCxk2dPgSZEiRI0mWNHkSZUqVK1m2dPkUaFChQ4kWNXoUaVKlS5k2dfoWbFixY8mWNXsWbVq1a9m2dfsYcGDBgwkXNnwYcWLFixk3dvwadGjRo0mXNn0adWrVq1m3dv0ceCRw4cOJFzd+HHly5cuZN3f+Hnx48ePJlzd/Hn169evZt3f/BAQAOw==">\r\n', 'лев'),
(26, '<img class="dd" src="data:image/gif;base64,R0lGODlhEAAQAPcAAERphE9ffVp6kUmMmz6Rnj6Qnj6PoD+OoUSInWGTo0pebamwyqety6qsxmZhcH9LeMA6coQyckuTpTmTnz+QnT6RnzyRozmSqDuQrCBPY7OzzbfD5bO20F9aaXt6haZMYdZGN5IzbE2RoDaUoDqTojyZqTqVpzSCjFtqV3tpQqWRi6263WxqeFRKTIV+jJNHdcAybnk+f02bsj2XpSBoaFV2eF9aWHFkR7eOUv/dlrSVYGNZXVs/O5drYtvK1FpigV5dgUGQnzd7clIwAlghAP/78qyRhmMpJKdvW4RnR6+NVFg4KayNfbmjmrqprkGMmTqVnjmbpUaLknQwAGEWAJiBfmNEPJNXUtiolZ+LeqSAXAAAAM63r6qWmdnMzEKQmT2RnD6arUKbqWlAF5JnVvr//9vPyrWdeLudaKSAXmw6EyIAAu/a1VtAOmdPSE6Pm0iMmDKRm0lYQYwyAG83G/nr6FlFPLiZdqaGT//cpn04AIpYMaGUjffy89/V14CitMLR5C9/jUZJMGtNJ1snAIRFH9CsiZRtTOnHisOcZUQHAOe/pZ6SmPjr55N/ZW6RoPf6/2eXp0CRnDqitkKRl1hgPv/tr9q4gtq4eXxYLwoAAP//+6Ohq8e2n39ZJWeZqH2Xp2Nzf1hucyt4hz2erh9KSZVlPYRVKJh0WnheUn9qaLObkuHd3o58VYBUHEqMm2WYqEdyeP///0RaYiFzfAhBS7axwqKrwWJjcyQPDohqZWI9Mqqal6GNhMmwmkOQmy1lbyBARYyFiP3x9L23tnNqaJ5scbWVlJmNnNnK1v/9/smQif/8/7Str8i7uEx0f7Gyv/fu+ce3vKiand3T1aWgnvLIyPzd2uXi/Lq61/b5/9Wrpv/l5p+Ris3b5/n3/+Ld5Pzz9beurOG0r//y7fLy/8/P6P/h1s2lmpaDeU5EP32VpMnO1NXU2b29wp2gpWBlZo1/gI5vbqqRlH10f3p3hHJvcj03NzE+RTNPXDVUZQAAAAAAAAAAAAAAAAAAACH/C05FVFNDQVBFMi4wAwEAAAAh+QQFewCyACwAAAAAEAAQAAAI/wABPPjw4seTL2/+PPr06tczb+sCQAABAwgUMHAAQQIFCxg0WewERAgRI0iUMHECRQoVK1i0b+0GSBAhQ4gUMXIESRIlS5g0cO4ITBgxY8iUMXMGTRo1a9g0We8IUCBBgwgVMnQIUSJFixi1cPAKVChRo0iVMnUKVSpVq1g1cfEMWDBhw4gVM3YMWTJly5i1cfIOXDhx48iVM3cOXTp169g1cvMQYECBAwkWNHgQYUKFCxm2cvQSZEiRI0mWNHkSZUqVK1k2c/UUaFChQ4kWNXoUaVKlS5k2WfYWbFixY8mWNXsWbVq1a9m2c/cYcGDBgwkXNnwYcWLFixk3dPgadCRo0aNJlzZ9GnVq1atZmXT5HHhw4cOJFzd+HHly5ctZN3X6BAQAOw==">\r\n', 'Сэнди белка'),
(27, '<img class="dd" src="data:image/gif;base64,R0lGODlhEAAQAPcAAKymrKijq5udraGkv6Kkv6Clv56ivp+jvqCjv5qeuJOXr5GVqo2QpoeInqqmraikr5SaupiYtY2Lo52du6OkxKGlwKCjvaSmwqOpxJ2hwIGFkIOHkY+Rq4SHnZqatIuRlpmpkZ6zl4eVhpSXtqGmyaGiyKeqz5CRqnp7hHF3Ym91a4WGoYWJn5ucrIySl6CxmpqumZitnJqqj6mnkMbDqaOknJCfmZusk5iul5SolI6hjXN7c4aKn5OXpZWokKC0no6fjZyki/LbrXwsE4ElD3dOPqCyn56tmpSmlI2ej4uci36Ldnl/k5ScmpqulpytnIOSgqOpjvvwv9PQpN/dsYumj6DBr56zopmumpOolY2gjXqHcXqDl46ej5WplZGfjHqJeouYhM++lppxU6hzUquEZpiWe4GOgX2Gc3uGc3Z6fIKAk3qGm52unqK1o5Cejn+MfMG+nPLgsbaLbsCWd9CsidvNoJasnI6ei5Gjj5GOq5SXtXmGnJSolZ2xn42di4qaiLi4l+/hr+ndr+/mtu/fs8e9k5eunoiWgpOpkmtwaX6BjWpweputm6GzoJ2tmo+fj5WklLKsiMK1j8S1jLOphpeljpy1o4qZhparmGl0YW9/cGhuYZismZ2wnZ+yoJesmJ2yoZmwnpiyoZatmHyLhICPioqZipOhiI+hj3qHjX6Tx19ZVZ2wnpGok5uvnZywnpuvnKCznoeWmoGX1Iyj3IidzpCej32IdnuHcm+GtWBylZaqmp+znZ6ynp2xm56zmnuNlZyswpeoupKivIiUk42ehIGPdX6SvFttlYyfmpyym5yvnZywm52xnJ6ynZyvlaOzu7/S2rDH0q/F1qe+0Y+grGt5lX+WxVJljm9+jKK4nKC1np2xmYqahrvP3qrB0p65zKO8zJm0xYyks3GGsIGXwklch0hUdX6Oip6xnZ2xnZ2vsK/H06jD0anD0qTBz5e1xYCarn6UvHOJsE5fiwAAAAAAAAAAAAAAAAAAAAAAAAAAAAAAAAAAAAAAACH/C05FVFNDQVBFMi4wAwEAAAAh+QQEewABACwAAAAAEAAQAAAI/wABOHDQokeTLm36NOrUipcybegCPPDgwocTL278OPLkqteybekEQPjw4seTL2/+PPr0yhczbuoGRAABAwgUMHAAQQIF61ezX74ISAgRI0iUMHECRQrV05mzdQMmiJAhRIoYOYIkiYr161k3GAUojJgxZMqYOYMmjZIFDJo3dgYqkKBBhAoZOoQokZoVLNq3dgcslKhRpEqZOoUqlaIlTBo4dwMumLBhxIoZO4Ysmao1bFq4dwgwnLhx5MqZO4cunbJFjJo4eAkyoMCBBAsaPIgwobpVrNq4eAo0pMiRJEuaPIkypcJlzBo5eQs2qNChRIsaPYo0qcp17Fq5eQw4rCPYsWTLmj2LNq3ShQybOXoNOrDgwYQLGz6MOLHalSzbuXoBAQA7">\r\n', 'сквидвард'),
(28, '<img class="dd" src="data:image/gif;base64,R0lGODlhEAAQAPcAADUtICw2SzJEbVtCgWFFil5Gil9EhmQ/e240ZF4kRXcREa4HCqcMD08bEi4iFC8lGCpMICRMFRxLDqgAAOcVDMMAAMUAAMYAALMAAq4AB2gfEhtHJyJBJCZAIjdlJj5yKDF2KlBGHNQzPN1ZYcU4PLEQFLMFCb4BCKILCmclEjJdJR9pKjBeIiZPHxk8FBg9EhdAFApDEjAmB5sLBtwfI+IWHdIDCZANChU9FQ09FGsPCBowERAyEBYxEgsVDAoOCgoNCAURCAATDAATCgASCgANCAATCQAUCwAUDAMRDBQHCFYICgANDAsTDAUHCQEBBgIEBgMEBgMFCQQFCAUECQkFCQsEBwkFBwcEBgAAAGwAAAYICQYJCgICAwQEAwUDAAQFBQUDAwYDAQYCAQgDAQgCAQUEAgEIB4Rnbh1DRgsPERQdJAgeKwwjMA4mNAslMw4jMQkgMBAnOAsoOwYoOgoqPQclNgAkNHKxuky0vFmVnUglGUspFk4mEkkhDlAdDFkmEzoSBlMnFVQiE08dDU8sGV8fEZUAAIYAAF1fZ20mHYMlHqEZGkIlIktSRHd0WlsMCkAuGDAtGDseEIQOD7kHDbgBBp8AAFjO3GOvuMIkI9sjJeEfIGWNdHq/mavQo+MZId8rLp0aHaoFCbQFCbQMD7MAAJYWGV3Y5WOvudArKM4kJJwfGF9GM0w2HlQzHVASCGUzIKMZGrgJC7EMDawMDLUAAH9ia2LM1mSwumYlGiUhEkI2HUEsG1AvG1Q2H0gtHFVDKH8dFcoGC7wNDrgBAa8AAG29ymfCy0wuG0EsHFM1IVAvHl88JVY1I1AxIGRFKlU2H70MD8UEBrwAAIV2fmHK2GCzvWCosU8yH1E2JEosHVIyHls8I2JAKUkvHWxHK1RCKHE3JLkCAqNSWmrm9WS/zGKYnm1XWlU5JlY4JVo7KGE/Kl09KGFBK080I2RCKmdFLmVFLV84Jm+dnXHI0m3AyWWxumOutQAAAAAAAAAAAAAAAAAAAAAAAAAAACH/C05FVFNDQVBFMi4wAwEAAAAh+QQEewABACwAAAAAEAAQAAAI/wABQPDgwocTLmv2KNKkSleybOkCRPjw4seTLmz4LNq0apcybeoESAABAwgUL236MOLEiteybesGTAgRI0iUL278NOrUqhczbuwIUBAhQ4gUMG/+OPLkylezbu0KVBgxY8iUMHAAPfr06pczb+4MVCBBg4gUMXECQQIFC9izb+8OWChRowiVMXIERQoVKxg0cPAQXDBhw0gVMnMGSRIlS1i0cPESVDhx44iVMnQITRo1a5g0cfIUYECBA8kVM3UKUSJFi9i0cfMWZEiRIwkWMnYMVSpVqxg1cvQYaFChQ0mWM3cOWTJly1i1cvUabFixY4kWNHgsXDp165g1c/YccCRgwYNJljR5EGFChQvZtXP3HnRo0aPJFjV6EmVKlSsXNnT4BAQAOw==">\r\n', 'краб'),
(29, '<img class="dd" src="data:image/gif;base64,R0lGODlhEAAQAPcAANJ0KtRfDNteC9ZfDq9eCK2XH6eiFKejEaehEqWiEqOjEKOiEJycGnR0JUhOOE1WVNZiEd5lDt9aCr9RBq+RGqeqFKekDqimEaekD6akEaelDqunC6+rD3p5FU5VRdheDONmE9tbDqloDKmsF6ijD6ilDqalDqalEaelEaakD6qoDauqE15hIdpfDN1fDrFMBaqbH6WpDqeiEamjEqekEaikEKekEKikD6elEKajEIqKFdpfDeFeEKNaBq+wHKelBKmkB6qnBqimBKyoDquoEaWjDqSkEZ+eEtthENZVDKp/D6GiAJ+YJ7OoaLSscJOSJ5uZBKuqDKmmEKilEqWjEqakEqCgEKGhE9xlFMZYD6qdFJ6cL/nw6Pjw9Pfz9vDu6p6YRKmlCaumFKilFKemEqmnE6elE6KhE9hfDr1SBKaiEszHkPTx9Ofh0ubh1O7q6cvEpZ6YAayoEammFKGeDY6JB42IC6KfE9llE79QBKafEtfPofLv8uzm1fDp3Pfz7+Xi0JiUBa2pEquoFZCNCaWjH5CMDKGfEcJhGMhOAK+kGLayY/j1+v///buzqYt+eczCh6KdBK6pE6akE5CNDpWRCqOfEqShE4FwV6ZCALOVC5qYA7azdvXt3QAAAJ+XJqOgAq2qEpGQCZSTEK2lFK2jB5OQGYCmrG98e4B+JK6rAqGhCaqmF5ONEb25KsG5GrCyD6igEn9xBq2rHKyrB5CSCm14TICpsH2swGyHY6SdCZmVC5uXCZ6aA6moBXV2BJ+kHaVpBr1YCbh4AqCfF3iTbYCho4eqq4avuoCfnqCfcvv19v/8+biuhqylKLm7IJh2Br9TEn4OAcxXC4RyQXmvx32kr5GJYI18RY99SY15Te/m3Pv69woAAIB2Dq5XBKoxBnsWA9NRAKJ+VH22w2eMl7uqcrinb7mocLemb6iZbcvDqrGom4d8R6maHqxlCcFcEZ9cKZFnQIuRiHiepXKUnQAAAAAAAAAAAAAAAAAAAAAAAAAAAAAAAAAAAAAAACH/C05FVFNDQVBFMi4wAwEAAAAh+QQEewABACwAAAAAEAAQAAAI/wABQPjQYgcSLGjwIMJ06taxa+YCRADhgkeSLGnyJMqEChcybOcESAjxoocSLWr0KNKUKleybOgGTBABw8eSLWv2LNqkSpcybekIUBgR4wcTLmz4MOK0ateybeoKVNAgA0iTLm36NOrEihczbusMWCAxI4gTL278OPLUqlczT+wOXChBQ8iTL2/+PPLkypezbu0QYDBRYwgUMHAAQfr06tczb+4SZDhhg0iUMHECRQIFCxi0b+8UZEBxw4IUMXIESQoVK1g0cPAWaECBw8SUMXMGTRIlS5i0cPEYbEiRowgVMnQIURo1a9g0cfIacFCBAUWVMnUKVSJFixi1cfMcdCRYocKIFTN2DFkqVatYNXL0HnhgoePIlTN3Dl0yZcuYtXL1BAQAOw==">\r\n', 'ягуар'),
(30, '<img class="dd" src="data:image/gif;base64,R0lGODlhEAAQAPcAAMiiZbF3LopxVGFXWnp8h3N2hWdcYX2ElHmNqHuOqn2Mp2xkUohiKKNuNZxlLJFnJ8egYK1oD6iZjGJcZ5+syJOpyHBaSoxvUFqFpV13mYCIn2RRIpdyH5BtJ5RtKpd0L8KZVqZkCpqWo3J2fiEmMDAmJNiDL+2ROIaNglqZv0xkgnN1gmZUM35cE6B7LpByKruQTp5iCnB3j9DFkB0SA3x7hf+VO/ONNcJ8QXGryVeVu1ZxjVxjfJlxOKCAKlxMEbqNSZxpGHeJnvjjgmuPl3Kx3eeMPvKQO/GFMHqMlUuXwFpgW2lnZmBaRVNVC1hIIbKHQYNYGVRScMWFNneGg4itsJ9qLuuUTP+YNISGhVCg0pR5WntTLi5CbZl2RHhTMqd+OY9aEtKOV+KBKfPbkHVmOQAAACcGB/+cRX+NnEOWxbl+SspzH3dTPZF7Ym9PN6BwLuCKP/CVR86MRPPpnlJCIxgTE+WLOlyEplGBlemPRdJ1I59pRWW25VZYVcaDQPOOQeWMO8aIPffpm+vajdTEjd7JheyXPlCGp5uEZvWOOMNsI7RtNWGv3VdnbtqORe6NPueLQOCGONGZSbuva6ipcrmDN9+HMUdfaN+QTOqJPb5lILZwPWGu4FyCl9uQRe+TPuWOP/KOO9Z5O2ibxlt+muWPU/GRRIZfPvuXRuSJQOmGM6FxUV+u5GKOqKJnK/GPPvOQOviRO5pxX17A/4F0ZP+UN+GHOLBjJfKRRN6EPO2KOoeBgVSz7WeKln+Ri4R4aN6LSf+QLZJ9eVrB/7F8TP2SOuqTSeCMQ/OXS+KIP/CLPKNmNZRxQ6BzQ3+qr1KNpXSlxJmCbXVvcWC24sCET/yTOuGHP7toJuCLR8hyKueKPd6EP89/O753OnyerWWGnF+exmi45GGo1EWNuYZsXM57LfeONvSMNviTP++JNrBcILRxP9aBN7t2O46gtI+fs3KMpHCpyGmx12mw126s0HOhuXmIi42CcqF8Wq18UX9uYV95hm9bRqRsPQAAACH/C05FVFNDQVBFMi4wAwEAAAAh+QQEewABACwAAAAAEAAQAAAI/wABQAABAwgUMHD+PPr06tezb+8CRAgRI0iUMHEAQQIFCxg0cPAESBAhQ4gUMXICRQoVK1i0cPEGTBgxY8iUMXMESRIlS5g0cfIIUCBBgwgVMnQGTRo1a9i0cfMKVChRo0iVMnUIUSJFixg1cvQMWDBhw4gVM2YKVSpVq1i1cvUOXDhx48iVM3YMWTJly5g1c/YQYECBAwkWNHcOXTp169i1c/cSZEiRI0mWNHgQYUKFCxk2dPgUaFChQ4kWNXkSZUqVK1m2dPkWbFixY8mWNXoUaVKlS5k2dfoYcGDBgwkXNnsWbVq1a9m2dfsadGjRo0mXNnwYcWLFixk3dvwceCRw4cOJFzd9GnVq1atZt3b9Hnx48ePJlzd+HHly5cuZN3f+BAQAOw==">\r\n', 'камеус'),
(31, '<img class="dd" src="data:image/gif;base64,R0lGODlhEAAQAPcAAA9Jbw1IbQxIbwdDbAhCbAdAagU/aD1ujnmkujhZb0BlfTpbcx9IZwE4ZgA3Zg5IbQlGagtGbQhCawlCbAA6ZQAwW4GwwoSxxxQvRjNWbTpZax9GYAAzZwA4ZxBJbwtHbApFbApEbQlBawAzYDhsjIa0xHegtS5PZjVXbTlXah5FYQA1aQA5Zg9IbglDawhFbgA8ZgA3YY+80X2juG2WrkpuhzldczdWaBlCXgA4ZhNNcwhEawxJbwlEbQA3ZDFlhpvC02iNoFyAlkdsg0Rle0ljeB1EYwA0aAA3ZQ9Ibw5JcApFbQpFbgAuWmqbsJbA1lV4izlUakNle0hpfFlzhCBIZwA1Zg5HbQlFbAhDbAhAbQApV5vK2J3G2kVofTdOZUhnfk1pfkxldxlCZBBKcQhFaQ1IcAM+aQI9Zp7N1lFufHSbqk1wglZ4jE9vgkFbbAw8YAA3aA5KcA1IcgE6Zj5ylZ/L1ytEWYCrvU9vhVR1ikhlezdNXAA2ZgA7ZSdegqLP2xw0TZC8zj5keld2jEZgdi1FWQ1JbgxJbgtGcAI9aAAzYaDS3xs3TJzJ2VJ3jll3jUZfcB5BWQA2aApDbgAoVpzN2hsySJ3G1VR2iklmeDZMXQo3XgA3ZwxIbQtHbgtEbgdCbAAsW4e9yy5HWKDL3E9ufzVQXShFWQA0ZgxHbglDbghAbAAuXnCluTROXZW/z0Naai9HWQU3YAA1aA1IbglEbgA1YVWKpDNLWoiqt0VbaBVBYQA2aQtGbAxGbwpDbQdBawY/ahdPdB1GZElsgxhCZAAAAAAAAAAAAAAAAAAAAAAAAAAAAAAAAAAAAAAAAAAAAAAAAAAAAAAAAAAAAAAAAAAAAAAAAAAAAAAAAAAAAAAAAAAAAAAAAAAAAAAAAAAAAAAAAAAAAAAAAAAAAAAAAAAAAAAAAAAAAAAAAAAAAAAAAAAAAAAAAAAAAAAAAAAAAAAAAAAAAAAAAAAAAAAAAAAAAAAAAAAAAAAAAAAAAAAAAAAAAAAAAAAAACH/C05FVFNDQVBFMi4wAwEAAAAh+QQEewABACwAAAAAEAAQAAAI/wABPPDQQkeSK2TkBDj0wZOqWr4CQPjgYocSLGUiREAk4NMqW78ERAARgceSLGbmLElECRSTHsAGSAjxogcTLWfo+FFUIBSrUMEITBABw0eTLWjq/FlUSVSrW8IKUBgR44cTLmnsAGJkaZQrXMMMVCAhA8iTLmruBGp0idSrXMQOWCgxIwgUL2vwCHKEqRQsXcUQXDBBQ0iUL2zyDHqUyVSsXcYSYDhRY4gUMG30EIKk6ZQsXg0UZEBhg8iUMG72FIq0CdWsXg4WaEhxowgVMW/4GJLEKRUtBw4YbFCBw0iVMXBGcJjUCTgSBw04rFhxxMqROH0cINkOHHgHFjm2iwvvTt5Bh/MdyqsPCAA7">\r\n', 'кит'),
(32, '<img class="dd" src="data:image/gif;base64,R0lGODlhEAAQAPcAAEvL4UXE4ErQ8EfI7EK+6D615jmo4Deh3jKV1y+Q0yyDyCh7wCl2uiZusCVqpyRloDqgtR5zhyiKpjuoyzy63kPA9EO37zul4jee3TaZ2jiU1zKLzTGFxCt/uilsqyZqpkKcsip5iih0iB5ZdRtkfSR8pTyx7DWi5TKV1iuLziyQ0SuPzTGOyi+Nyy6BvSRvqFGjuladsEF7mBdJaSBlgQ1GYhdRdzaW3TWV4SyAyi17wyh1ux9oriRutyVZiydllTSGoIDC1mKbtww8WCBifAxFYAs9VRQ9WiyDyS+I1Cx6wiZytiFhrSlhlRkvQRdBXTSVrl2Xq2+cuhAxTzN3jBVHYg89VQs4TBU7WSt7vS6BziBzuyJrrDtIbh47TxM5UUK10ydmeoe30zFScBZFXBRKYQ04UQw1TgorQA8uRSNloh9ww0FglFJQbydSYhMwRUnL7iZwh7bu/4KpxBIuShFIXQw5Tw03TQguRgEiMgIcLSVXhVxMbVlmgCpRYhMvQkjK7iuUtoO3yazi+WuKpQMiPAEvRAw3TQouRQQnOgciM15Ze3d3kl57jypFWRIuQEfJ7UDE5B5NYV+asaHQ5yxJZQAhOgozRgUrPQAgMUNFYW1zkGaBllZ2iBo1RxEtPkfI7UbO/B9deTp2jrDf9n+kvAwpQQAhMRgpQ3V0k1hqglJpgEhoeQ8pPBAsPEfG7EjM+C2Foh9VbVuWrH+3y1d0jQAhM2SNoH2cslZ4jUdlezBRYwooOw8uPkbG7UTD80G95ydjghxQaV6Zr4q1ylVzjoq0yYzD1GiLoWmZq1B7jBpAUQwvQQ8xQ0bG7Dy05T6/8DuVwilaciRkemChsnKitp7S44W2ymaNo2+eskZyhQsyRQ4uQxI3SkXD6z655zy47jmm4ipZcB9dcTh4i43F1bjr/Yi1yH2qvm6asTFcbws0Rg41SBA3SUTB6z+56Dmu5jWi4S58qylbdiVWbnirvZ7O34m0x36qv1qFmitUZhQ9TxdDVBI6TAAAAAAAACH/C05FVFNDQVBFMi4wAwEAAAAh+QQEewABACwAAAAAEAAQAAAI/wABQAABAwgUMHAAQQL1ypczb+4CRAgRI0iUMHECRQoF69ezb+8ESBAhQ4gUMXIESRIVCxg0cPAGTBgxY8iUMXMGTRolK1i0cPEIUCBBgwgVMnQIUSI1S5g0cfIKVChRo0iVMnUKVSpFa9i0cfMMWDBhw4gVM3YMWTJVixg1cvQOXDhx48iVM3cOXTplq1i1cvUQYECBAwkWNHgQYcqUyZg1c/YSZEiRI0mWNHkSZUJ169i1c/cUaFChQ4kWNXoUaUqFCxk2dPgWbFixY8mWNXsWbVKVK1m2dPkYcGDBgwkXNnwYcVqlS5k2dfoadGjRo0mXNn0adWK1a9m2dfsceCRw4cOJFzd+HHlqxYsZN3b8Hnx48ePJlzd/Hn1y1atZt3b9BAQAOw==">\r\n', 'Акула'),
(33, '<img class="dd" src="data:image/gif;base64,R0lGODlhEAAQAPcAAAHH8RPF6WG81ICyw264yxTF6QDG8ADE7wDD7w3H8MXk7+jr7gDZ/2fJ3/9UUP8CAP8BAP8EAP94cE/N6RXS+ADT/wDR/wDM/wDU/9f///a+ugDI8VbR6v8aEf8NC/8tLP88O/9LR/9APP84Nf9SQ/+Ke8u+vJKerJxqdv9dVvt6dAHJ74aRm/8DAPQ7OMtKRsYdH+wAAPgAAP8AAP8bHf9eVf87Nv8zMPo+PAQsNB4HAfUAALK/v/n///j//8fs7boHDvEAAP4AAP0UFvswMf5DRPonJPs9OgVkeaSjrM1gYPr//+X2/6GTk/8NCv9ZUP9uX+5kUftXR/8nHPxBPSDE6P9xbLVXWmagwR9qlqmTkv0AAKZLUYkpT4YvX5gvZo8tZoEvY5c0S3PC1v8TDMUAAOnt6bEAAImZnLS11KIlV6QwXKUoVaAbTaRtlqtmcpmosP4OCbuanbTY3ICSn4GAe9wAAKEAAOb//7lmjr85aLA9ap8fTdNtj/D//8RHR5J5d9ZraJfH3JbA3O///+AAAJtKRPH//5gPQ6gvW6ozYpwTPu/Y77Pl5fAjI22erMd4eNb//7FGRNCo17Qya6I3Z6YwXqMUOer//5hOUPsiIt1aXfEtJKyTkrfl5ba8u7USFb4YFsAVJ7sWK5E2WZw5bJsgV7r//8oAAP0dH/YYF/MAAPYAAOoAAP8eHP8SDs8GBaEyX41ad/4ICvobG+0AAPwHB/tJR/wzMf8UFPkAAM8AAMIHCfwIB5t4jf8KCPsLCPIAAP8WEv8tKPpUTP4JCf9FQPEiH+ULCwSt522XtdZYX/VNSulLS62ElKiPoMSMlsCIk7mAju5NTPwQEPsNDu0PD+YUEe4WFQAAAAAAAAAAAAAAAAAAAAAAAAAAAAAAAAAAAAAAAAAAAAAAAAAAAAAAAAAAAAAAAAAAAAAAAAAAAAAAAAAAAAAAAAAAAAAAAAAAAAAAAAAAAAAAAAAAAAAAAAAAAAAAAAAAAAAAAAAAAAAAAAAAAAAAAAAAACH/C05FVFNDQVBFMi4wAwEAAAAh+QQEewABACwAAAAAEAAQAAAI/wABANiwIgeSKmPgAHq0SRUtX8kAMODAQkcSK2TiBILEadUMCMoANOjQYoeSK2XkLFnSiVWtX8sCOPDggsdKM3MELfE0YwcwZgIefHjRYwmWJXQGLfnEakawZgMggIDhg0mWJXUIRQLVaoYwZwQihIjxY+USO4WCzFg741kBCSJkAGmi5cwdQ5JCubI1AxqACSNmqN2CBs+hSaJe3ZoRDQAFEjOEOOGSJg8iSqNm4BomzUCFEpGfdFGjJ1ElUjNyEZt2wIIJGkOgeFmzR5GlUrB0FaOG4MKJGkSifGHDZ9ElU7F2zaiWAAMKG0WkgGnThxGmU7J4GbOmIEOKG0amhB1x46dRJlRrj11boEEFjiNUxLz540hTqlm9kGELCAA7">\r\n', 'Желейный Медведь');

-- --------------------------------------------------------

--
-- Структура таблицы `grs`
--

CREATE TABLE IF NOT EXISTS `grs` (
  `id` int(11) NOT NULL AUTO_INCREMENT,
  `nom` varchar(255) NOT NULL,
  `phote` int(11) NOT NULL,
  `txt` text NOT NULL,
  `usa` int(11) NOT NULL,
  `pep` int(11) NOT NULL,
  `ava` int(11) NOT NULL,
  `svet` int(11) NOT NULL,
  `act` int(11) NOT NULL,
  `pip` int(11) NOT NULL,
  PRIMARY KEY (`id`)
) ENGINE=InnoDB  DEFAULT CHARSET=utf8 AUTO_INCREMENT=34 ;

--
-- Дамп данных таблицы `grs`
--

INSERT INTO `grs` (`id`, `nom`, `phote`, `txt`, `usa`, `pep`, `ava`, `svet`, `act`, `pip`) VALUES
(1, 'бык', 1, 'быки', 1, 3, 4, 4, 1, 2),
(2, 'дракон', 2, 'огнедышащее', 2, 6, 1, 1, 1, 0),
(3, 'заяц', 3, 'длинноухое', 2, 10, 9, 4, 2, 4),
(4, 'змея', 4, 'пресмыкающееся', 2, 11, 22, 3, 5, 0),
(5, 'крыса', 5, 'грызун', 2, 17, 15, 5, 3, 1),
(6, 'лошадь', 6, 'парнокопытное', 2, 19, 12, 2, 3, 3),
(7, 'обезьяна', 7, 'примат', 1, 23, 5, 5, 1, 2),
(8, 'овца', 8, 'шестяное', 1, 24, 3, 3, 1, 3),
(9, 'петух', 9, 'кукарекающее', 1, 25, 18, 2, 4, 4),
(10, 'свинья', 10, 'хрюкающее', 3, 27, 14, 4, 3, 1),
(11, 'собака', 11, 'лающее', 1, 29, 10, 5, 2, 3),
(12, 'тигр', 12, 'плотоядное', 2, 31, 20, 2, 1, 0),
(13, 'агути', 13, 'морское', 0, 1, 0, 0, 0, 0),
(14, 'Губка Боб', 14, 'Живет на дне океана.', 1, 5, 19, 0, 3, 4),
(15, 'Матроскин', 15, 'Живет в Простоквашино.', 1, 20, 21, 0, 5, 4),
(16, 'Печкин', 16, 'Живет в Прстоквашина', 1, 26, 23, 0, 5, 0),
(17, 'Дядя Федор', 17, 'Живет в Простоквашино и в городе.', 1, 7, 19, 0, 5, 1),
(18, 'Шарик', 18, 'Живет в Простоквашино .', 1, 32, 20, 0, 5, 1),
(19, 'мом', 19, 'Живет в городе', 0, 21, 0, 0, 0, 0),
(20, 'мышь', 20, 'в греческом зале в греческом зале мышь белая', 0, 22, 0, 0, 0, 1),
(21, 'Водяной', 21, 'Живет на дне.Водяные считаются типичными представителями славянской демонологии. Согласно легендам они являются падшими ангелами, сброшенными богом с небес и попавшими в водяные пространства[2]. Хотя водяной имеет отдельный образ, представления о нём часто сливались с русалками и чёртом', 0, 4, 0, 0, 0, 3),
(22, 'Крокодил Гена', 22, 'Крокодил Гена представляет собой антропоморфного крокодила. Носит красное пальто, белую рубашку, чёрный галстук-бабочку, на голове шляпу, курит трубку, любит играть на гармошке и работает в зоопарке крокодилом (то есть экспонатом). Табличка на его рабочем месте гласит: «Африканский крокодил Гена. Возраст пятьдесят лет. Кормить и гладить разрешается»', 0, 16, 0, 0, 0, 0),
(23, 'Колобок', 23, 'Жили-были старик со старухой.\r\n\r\nВот и просит старик:\r\n\r\n— Испеки мне, старая, колобок.\r\n\r\n— Да из чего испечь-то? Муки нет.\r\n\r\n— Эх, старуха. По амбару помети, по сусекам поскреби — вот и наберётся.', 0, 14, 0, 0, 0, 3),
(24, 'Енот', 24, 'Не знал кто сидит в пруду.', 0, 8, 0, 0, 0, 2),
(25, 'лев', 25, 'Король лев.', 0, 18, 0, 0, 0, 2),
(26, 'Сэнди белка', 26, 'Живет на дне океана.', 0, 30, 0, 0, 0, 4),
(27, 'сквидвард', 27, 'Живет на дне океана.', 0, 28, 0, 0, 0, 2),
(28, 'краб', 28, 'Живет на дне океана.', 0, 15, 0, 0, 0, 4),
(29, 'ягуар', 29, 'Живет на дне океана.', 0, 33, 0, 0, 0, 2),
(30, 'камеус', 30, 'Живет на дне океана.', 0, 12, 0, 0, 0, 1),
(31, 'кит', 31, 'Живет на дне океана.', 0, 13, 0, 0, 0, 2),
(32, 'Акула', 32, 'Живет у поверхности океана.', 0, 2, 0, 0, 0, 1),
(33, 'Желейный Медведь', 33, 'Валера.', 0, 9, 0, 0, 0, 3);

-- --------------------------------------------------------

--
-- Структура таблицы `head`
--

CREATE TABLE IF NOT EXISTS `head` (
  `id` int(11) NOT NULL AUTO_INCREMENT,
  `hat` text NOT NULL,
  `code` varchar(1) NOT NULL,
  PRIMARY KEY (`id`)
) ENGINE=InnoDB  DEFAULT CHARSET=utf8 AUTO_INCREMENT=4 ;

--
-- Дамп данных таблицы `head`
--

INSERT INTO `head` (`id`, `hat`, `code`) VALUES
(1, '<tr>\r\n				<td rowspan="2" bgcolor="#efefff" class="ileft">\r\n				Скрин\r\n				</td>\r\n				<td colspan="2" class="ihead">Счет рожд.</td>\r\n				<td colspan="2" class="ihead">Месяц и день</td>\r\n				<td rowspan="2" class="ihead">Имена родившихся</td>\r\n				<td rowspan="2" class="ihead">Звание, имя, отчество и фамилия родителей и какого вероисповедания</td>\r\n				<td rowspan="2" class="ihead">Звание, имя, отчество и фамилия восприемников</td>\r\n				</tr>\r\n				<tr>\r\n				<td class="ihead">Муж.</td>\r\n				<td class="ihead">Жен.</td>\r\n				<td class="ihead">Рождение</td>\r\n				<td class="ihead">Крещение<br></td>\r\n				</tr>', 'r'),
(2, '<tr>\r\n				<td bgcolor="#efefff" class="ileft">\r\n				Скрин<br>\r\n				</td>\r\n				<td class="ihead">Счет браков</td>\r\n				<td class="ihead">Месяц и день</td>\r\n				<td class="ihead">Звание, имя, отчество, фамилия и вероисповедание жениха, и которым браком</td>\r\n				<td class="ihead">Лета жениха</td>\r\n				<td class="ihead">Звание, имя, отчество, фамилия и вероисповедание невесты, и которым браком</td>\r\n				<td class="ihead">Лета невесты</td>\r\n				<td class="ihead">Кто был поручителем</td>\r\n</tr>', 'm'),
(3, '<tr>\r\n				<td rowspan="2" bgcolor="#efefff" class="ileft">\r\n				Скрин\r\n				</td>\r\n				<td colspan="2" class="ihead">Счет умерших</td>\r\n				<td colspan="2" class="ihead">Месяц и день</td>\r\n				<td rowspan="2" class="ihead">Звание, имя, отчество и фамилия умершего</td>\r\n				<td colspan="2" class="ihead">Лета умершего</td>\r\n				<td rowspan="2" class="ihead">От чего умер</td>\r\n				</tr>\r\n				<tr>\r\n				<td class="ihead">Муж</td>\r\n				<td class="ihead">Жен</td>\r\n				<td class="ihead">Смерти</td>\r\n				<td class="ihead">Погребения</td>\r\n				<td class="ihead">Муж </td>\r\n				<td class="ihead">Жен<br></td>\r\n</tr>', 'd');

-- --------------------------------------------------------

--
-- Структура таблицы `kok`
--

CREATE TABLE IF NOT EXISTS `kok` (
  `id` int(11) NOT NULL AUTO_INCREMENT,
  `god` varchar(11) NOT NULL,
  `link` varchar(111) NOT NULL,
  `txt` text NOT NULL,
  `fot` varchar(254) NOT NULL,
  `fam` varchar(255) NOT NULL COMMENT 'familysearch.org',
  PRIMARY KEY (`id`)
) ENGINE=InnoDB  DEFAULT CHARSET=utf8 AUTO_INCREMENT=6 ;

--
-- Дамп данных таблицы `kok`
--

INSERT INTO `kok` (`id`, `god`, `link`, `txt`, `fot`, `fam`) VALUES
(1, '1918', 'numr1r', '				<tr>\r\n				<td bgcolor="white" class="icenter">\r\n				<a href="sign00.jpg" target="_blank" style="cursor: pointer;">\r\n						<svg xmlns="http://www.w3.org/2000/svg" width="16" height="16" fill="currentColor" class="bi bi-camera-fill" viewBox="0 0 16 16">\r\n				  <path d="M10.5 8.5a2.5 2.5 0 1 1-5 0 2.5 2.5 0 0 1 5 0z"></path>\r\n				  <path d="M2 4a2 2 0 0 0-2 2v6a2 2 0 0 0 2 2h12a2 2 0 0 0 2-2V6a2 2 0 0 0-2-2h-1.172a2 2 0 0 1-1.414-.586l-.828-.828A2 2 0 0 0 9.172 2H6.828a2 2 0 0 0-1.414.586l-.828.828A2 2 0 0 1 3.172 4H2zm.5 2a.5.5 0 1 1 0-1 .5.5 0 0 1 0 1zm9 2.5a3.5 3.5 0 1 1-7 0 3.5 3.5 0 0 1 7 0z"></path>\r\n				</svg></a><br>\r\n				</td>\r\n				<td>33<br></td><td><br></td><td><b> 8 окт 1890</b></td><td>11<br></td>\r\n				<td><span class="a vo"> <mark>Дракон</mark></span><br></td>\r\n				<td class="ileft">\r\n				Деревни крестьянин<br>\r\n				<mark>Крыс</mark><br>\r\n				и законная жена его<br>\r\n				<mark>Овца</mark><br>\r\n				оба православные<br>\r\n				</td><td class="ileft">\r\n				Деревни крестьянин <mark>Бык</mark><br>\r\n				крестьянская девица <mark>Обезьяна</mark></td></tr>', 'sign00.jpg', ''),
(2, '1918', 'numr2r', '				<tr>\r\n				<td bgcolor="white" class="icenter">\r\n				<a href="sign00.jpg" target="_blank" style="cursor: pointer;">\r\n						<svg xmlns="http://www.w3.org/2000/svg" width="16" height="16" fill="currentColor" class="bi bi-camera-fill" viewBox="0 0 16 16">\r\n				  <path d="M10.5 8.5a2.5 2.5 0 1 1-5 0 2.5 2.5 0 0 1 5 0z"></path>\r\n				  <path d="M2 4a2 2 0 0 0-2 2v6a2 2 0 0 0 2 2h12a2 2 0 0 0 2-2V6a2 2 0 0 0-2-2h-1.172a2 2 0 0 1-1.414-.586l-.828-.828A2 2 0 0 0 9.172 2H6.828a2 2 0 0 0-1.414.586l-.828.828A2 2 0 0 1 3.172 4H2zm.5 2a.5.5 0 1 1 0-1 .5.5 0 0 1 0 1zm9 2.5a3.5 3.5 0 1 1-7 0 3.5 3.5 0 0 1 7 0z"></path>\r\n				</svg></a><br>\r\n				</td>\r\n				<td>33<br></td><td><br></td><td><b> 8 окт 1890</b></td><td>11<br></td>\r\n				<td><span class="vo"><mark>Лошадь</mark></span><br></td>\r\n				<td class="ileft">\r\n				Деревни крестьянин<br>\r\n				<mark>Тигр</mark><br>\r\n				и законная жена его<br>\r\n				<mark>Курица</mark><br>\r\n				оба православные<br>\r\n				</td><td class="ileft">\r\n				Деревни крестьянин <mark>Заяц</mark><br>\r\n				крестьянская девица <mark>Собака</mark></td></tr>', 'sign01.jpg', ''),
(3, '1918', 'numr3m', '				<tr><td bgcolor="white" class="icenter">\r\n				<a href="sign02.jpg" target="_blank" style="cursor: pointer;">\r\n				<svg xmlns="http://www.w3.org/2000/svg" width="16" height="16" fill="currentColor" class="bi bi-camera-fill" viewBox="0 0 16 16">\r\n		  <path d="M10.5 8.5a2.5 2.5 0 1 1-5 0 2.5 2.5 0 0 1 5 0z"></path>\r\n		  <path d="M2 4a2 2 0 0 0-2 2v6a2 2 0 0 0 2 2h12a2 2 0 0 0 2-2V6a2 2 0 0 0-2-2h-1.172a2 2 0 0 1-1.414-.586l-.828-.828A2 2 0 0 0 9.172 2H6.828a2 2 0 0 0-1.414.586l-.828.828A2 2 0 0 1 3.172 4H2zm.5 2a.5.5 0 1 1 0-1 .5.5 0 0 1 0 1zm9 2.5a3.5 3.5 0 1 1-7 0 3.5 3.5 0 0 1 7 0z"></path>\r\n				</svg></a><br>				\r\n				</td><td>15</td><td><b> 10 нояб 1914</b></td><td class="ileft">\r\n				села крестьянин\r\n				<h4><mark>Драко</mark></h4>\r\n				православного вероисповедания, \r\n				первым браком\r\n				</td><td>\r\n				<h2>18</h2>p.1896</td><td class="ileft">\r\n				временно-проживающая в селе крестьянская девица\r\n				<h4><mark>Лошадь</mark></h4>\r\n				православного вероисповедания, \r\n				первым браком\r\n				</td><td><h2>16</h2>p.1897</td><td class="ileft">\r\n				<strong>по жениху:</strong>\r\n				села крестьяне <mark>Змея</mark><br>\r\n				<mark>Свинья</mark><br>\r\n				<strong>по невесте:</strong>\r\n				села крестьяне <mark>Шушара</mark><br>\r\n				<mark>Кочет</mark><br>\r\n				</td></tr>', 'sign02.jpg', ''),
(4, '1918', 'numr4d', '				<tr><td bgcolor="white" class="icenter">\r\n					<a href="sign00.jpg" target="_blank" style="cursor: pointer;">\r\n						<svg xmlns="http://www.w3.org/2000/svg" width="16" height="16" fill="currentColor" class="bi bi-camera-fill" viewBox="0 0 16 16">\r\n				  <path d="M10.5 8.5a2.5 2.5 0 1 1-5 0 2.5 2.5 0 0 1 5 0z"></path>\r\n				  <path d="M2 4a2 2 0 0 0-2 2v6a2 2 0 0 0 2 2h12a2 2 0 0 0 2-2V6a2 2 0 0 0-2-2h-1.172a2 2 0 0 1-1.414-.586l-.828-.828A2 2 0 0 0 9.172 2H6.828a2 2 0 0 0-1.414.586l-.828.828A2 2 0 0 1 3.172 4H2zm.5 2a.5.5 0 1 1 0-1 .5.5 0 0 1 0 1zm9 2.5a3.5 3.5 0 1 1-7 0 3.5 3.5 0 0 1 7 0z"></path>\r\n						</svg>\r\n					</a></td>\r\n				<td></td><td>29</td><td>4 сент 1900</td><td>6</td><td class="ileft">\r\n				д билетного солдата<br>\r\n				<mark>Кролик</mark><br>\r\n				дочь<br>\r\n				<span class="vo"><mark>Курица</mark></span><br>\r\n				</td><td></td><td><span class="vo">1г2м</span></td><td>от коклюша<br><br></td></tr>', 'sign03.jpg', ''),
(5, '1918', 'numr5r', '				<tr>\r\n				<td bgcolor="white" class="icenter">\r\n				<a href="sign00.jpg" target="_blank" style="cursor: pointer;">\r\n						<svg xmlns="http://www.w3.org/2000/svg" width="16" height="16" fill="currentColor" class="bi bi-camera-fill" viewBox="0 0 16 16">\r\n				  <path d="M10.5 8.5a2.5 2.5 0 1 1-5 0 2.5 2.5 0 0 1 5 0z"></path>\r\n				  <path d="M2 4a2 2 0 0 0-2 2v6a2 2 0 0 0 2 2h12a2 2 0 0 0 2-2V6a2 2 0 0 0-2-2h-1.172a2 2 0 0 1-1.414-.586l-.828-.828A2 2 0 0 0 9.172 2H6.828a2 2 0 0 0-1.414.586l-.828.828A2 2 0 0 1 3.172 4H2zm.5 2a.5.5 0 1 1 0-1 .5.5 0 0 1 0 1zm9 2.5a3.5 3.5 0 1 1-7 0 3.5 3.5 0 0 1 7 0z"></path>\r\n				</svg></a><br>\r\n				</td>\r\n				<td>33<br></td><td><br></td><td><b> 8 окт 1890</b></td><td>11<br></td>\r\n				<td><span class="vo"><mark>Дядя Фёдор</mark></span><br></td>\r\n				<td class="ileft">\r\n				Деревни крестьянин<br>\r\n				<mark>Матроскин</mark><br>\r\n				и законная жена его<br>\r\n				<mark>пёс Шарик</mark><br>\r\n				оба православные<br>\r\n				</td><td class="ileft">\r\n				Деревни крестьянин <mark>Почтальон</mark><br>\r\n				крестьянская девица <mark>Змеюка подколодная</mark></td></tr>', 'sign01.jpg', '');

-- --------------------------------------------------------

--
-- Структура таблицы `numr`
--

CREATE TABLE IF NOT EXISTS `numr` (
  `id` int(11) NOT NULL AUTO_INCREMENT,
  `nom` varchar(255) NOT NULL,
  `a` varchar(2) NOT NULL,
  `fot` varchar(255) NOT NULL,
  `type` int(11) NOT NULL,
  PRIMARY KEY (`id`)
) ENGINE=InnoDB  DEFAULT CHARSET=utf8 AUTO_INCREMENT=6 ;

--
-- Дамп данных таблицы `numr`
--

INSERT INTO `numr` (`id`, `nom`, `a`, `fot`, `type`) VALUES
(1, 'numr1r', 'r', 'sign00.jpg', 1),
(2, 'numr2r', 'r', 'sign01.jpg', 1),
(3, 'numr3m', 'm', 'sign02.jpg', 2),
(4, 'numr4d', 'd', 'sign03.jpg', 3),
(5, 'numr5r', 'r', 'sign01.jpg', 1);

-- --------------------------------------------------------

--
-- Структура таблицы `peps`
--

CREATE TABLE IF NOT EXISTS `peps` (
  `id` int(11) NOT NULL AUTO_INCREMENT,
  `g` int(11) NOT NULL,
  PRIMARY KEY (`id`)
) ENGINE=InnoDB  DEFAULT CHARSET=utf8 AUTO_INCREMENT=34 ;

--
-- Дамп данных таблицы `peps`
--

INSERT INTO `peps` (`id`, `g`) VALUES
(1, 13),
(2, 32),
(3, 1),
(4, 21),
(5, 14),
(6, 2),
(7, 17),
(8, 24),
(9, 33),
(10, 3),
(11, 4),
(12, 30),
(13, 31),
(14, 23),
(15, 28),
(16, 22),
(17, 5),
(18, 25),
(19, 6),
(20, 15),
(21, 19),
(22, 20),
(23, 7),
(24, 8),
(25, 9),
(26, 16),
(27, 10),
(28, 27),
(29, 11),
(30, 26),
(31, 12),
(32, 18),
(33, 29);

/*!40101 SET CHARACTER_SET_CLIENT=@OLD_CHARACTER_SET_CLIENT */;
/*!40101 SET CHARACTER_SET_RESULTS=@OLD_CHARACTER_SET_RESULTS */;
/*!40101 SET COLLATION_CONNECTION=@OLD_COLLATION_CONNECTION */;
